"","Blautia wexlerae","Blautia coccoides","Roseburia faecis","Ruminococcus gnavus","Gemella sanguinis","Tyzzerella nexilis","Eubacterium hallii","Gemella haemolysans","Hungatella hathewayi","Eubacterium eligens","Staphylococcus aureus","Anaerostipes hadrus","Roseburia intestinalis","Ruminococcus bromii","Anaerostipes caccae","Enterococcus faecalis","Rothia mucilaginosa","Staphylococcus hominis","Bacteroides ovatus","Streptococcus mitis","Roseburia inulinivorans","Veillonella dispar","Streptococcus sp A12","Sellimonas intestinalis","Bacteroides fragilis","Veillonella atypica","Bacteroides vulgatus","Veillonella parvula","Bacteroides uniformis","Veillonella infantium","Staphylococcus epidermidis","Staphylococcus lugdunensis","Clostridium bolteae CAG 59","Clostridium bolteae","Flavonifractor plautii","Eggerthella lenta","Streptococcus salivarius","Clostridium symbiosum","Anaerotruncus colihominis","Streptococcus vestibularis","Streptococcus thermophilus","Streptococcus parasanguinis","Bacteroides thetaiotaomicron","Actinomyces sp ICM47","Faecalibacterium prausnitzii","Agathobaculum butyriciproducens","Parabacteroides distasonis","Collinsella stercoris","Gordonibacter pamelaeae","Escherichia coli","Actinomyces odontolyticus","Intestinibacter bartlettii","Fusicatenibacter saccharivorans","Ruthenibacterium lactatiformans","Eubacterium rectale","Collinsella aerofaciens","Klebsiella pneumoniae","Akkermansia muciniphila","Bifidobacterium breve","Aeriscardovia aeriphila","Haemophilus parainfluenzae","Bifidobacterium longum","Klebsiella michiganensis","Bifidobacterium bifidum","Bifidobacterium dentium","Bifidobacterium animalis","Coprobacillus cateniformis","Clostridium innocuum","Bifidobacterium adolescentis","Clostridium spiroforme","Bifidobacterium pseudocatenulatum","Erysipelatoclostridium ramosum","Host_Age"
"SRR7351629",0,0,0,0,0,0,0,0,0,0,0,0,0,0,0,0,0,0,0,0,0,0,0,0,0,0,0,0,0,0,0.0002109,2e-05,0,0,0,0,0.0091839,0,0,0,0,1.46e-05,0,0,0,0,0,0,0,0.0093231,0,0,0,0,0,0.0002948,0,0,0,2.14e-05,0,0.1831914,0,0.2911819,0,0,0,0,0,0,0.5065581,0,"At_Birth"
"SRR7351630",0,0,0,0.0001009,0,0,0,6.67e-05,0,0,0.0015043,0,0,0,0,0.0026293,0,0,0,4.56e-05,0,0,0,0,0,0,0.0016458,0,0,0,0.0007333,0,0,0,0,0,0.0031257,0,0,0,0,0,0,0,0,0,0.0002371,0,0,0.0349137,0,0,0,7.74e-05,0,0.0010582,0,0,0,2.44e-05,0,0.1368454,0,0.0657464,0,0,0,0,0,0,0.7455365,0,"At_Birth"
"SRR7351631",0,0,0,0,0,0,0,0,0,0,0,0,0,0,0,0.0253281,0.0002506,0.0002146,0,0,0,0,0,0,0,0,0,0,0,0,0.0086184,0.0007035,0,0,0,0,0,0,0,0,0,0.0005484,0,0,0,0,0,0,0,5.14e-05,0,0,0,0,0,0,0,0,0.9597597,2.02e-05,0,0,0,0,0,0,0,0,0,0,0,0,"At_Birth"
"SRR7351632",0,0,0,0,0,0,0,0.0003515,0,0,0.016784,0,0,0,0,0.1881541,0.0022435,0.0167302,0,6.35e-05,0,0.065934,0,0,0,0,0,1.66e-05,0,0.0026663,0.024628,0.0008273,0,0,0,0.0131522,0,0,0,0.0095658,0,0.0176126,0,0,0,0,0,0,0.0011595,0,0,0,0,0,0,0,0,0,0,0,0.000869,0,0,0,0,0,0,0,0,0,0,0,"At_Birth"
"SRR7351633",0,0,0,0.9179432,0,0,0,0.0005266,0,0,0,0,0,0,0,0.0696805,8.16e-05,0,0,0.00031,0,0,0,0,0,0,0,0,0,0,0.0006528,0,0,0,0,0,0.0107027,0,0,0,0,0,0,0,0,0,0,0,0,2.97e-05,0,0,0,0,0,0,0,0,0,0,0,3.88e-05,0,0,0,0,0,0,0,0,0,0,"At_Birth"
"SRR7351634",0,0,0,0,0,0,0,0.0006467,0,0,0.000518,0,0,0,0,0.0031032,0,0,0,0,0,0,0,0,0,0,0,0.0026627,0,0,0.1689238,0,0,0,0,0,0.5759883,0,0,0,0,0.0747468,0,0,0,0,0,0,0,8.53e-05,0,0,0,0,0,0,0,0,0,0,0.0021099,0,0,0,0,0,0,0,0,0,0,0,"At_Birth"
"SRR7351635",0,0,0,0,0,0,0,0,0,0,0,0,0,0,0,0,0,0.0172751,0,0,0,0,0,0,0,0,0.3328908,0,0,0,0.003364,0,0,0,0,0,0.008819,0,0,0,0,0.0027559,0,0,0,0,0,0,0,0.6286672,0,0,0,0,0,0,0,0,0,0,0,0,0,0.0054493,0,0,0,0,0,0,0,0,"At_Birth"
"SRR7351636",0,0,0,0,0,0,0,0,0,0,0.0021849,0,0,0,0,0.0014441,0.0009269,0,0.0109181,0,0,0,0,0,0,0,0.0848188,0,0.0004337,0,0.0020462,0,0,0,0,0,0.0020686,0,0,0,0,0,0,0,0,0,0,0,0,0.1194211,0,0,0,0,0,0,0,0,0,0,9.83e-05,0.7736654,0,0,0,0,0,0,0,0,0,0,"At_Birth"
"SRR7351645",0.3749477,0,0,0.1262521,0,0,0,0.0003099,0,0,0,0,0,0,0,0,2.67e-05,0,0,0.0005103,0,0,1.39e-05,0,0.2526352,0.0002838,0,0.0216794,0,0,0,0,0,0,0.0088903,0,0.0027183,0,0,0,0,0.0006703,0,0,0,0,0,0,0,0.022469,0,0.0006691,0,0,0.0678694,0,0.0009963,0,0,0,0.0003053,0,9.34e-05,0,0.019207,0.0574477,0,0.0079018,0,0,0,0.0224383,"12_months"
"SRR7351646",0.1523927,0,0.0222389,0.0050756,0,0,0.01391,0,0.0002243,0,0,0.0004801,0.028031,0,0.0023235,0,0,0,0.0920228,0,0.0111977,0,0.0006458,0,0,0.0001635,0.0305461,0.0004805,0,0,0,0,0,6.41e-05,0.0061866,0.0047794,0.0038886,0,0,0,0.0744081,0,0,0,0.0509414,0,0,0,0.0003464,0.0031917,0,0.0078626,0.1004747,0.0009869,0.0101704,0,0,0,0,0,0,0.017282,0,0.1114228,6.05e-05,0.0188634,0.0007039,0.0016639,0,0.0001879,0.1393065,0.0010544,"12_months"
"SRR7351647",0.483372,0,0,0.0147921,0,0,0,0,0,0,0,0.0389073,0,0,0.0002491,0,3.26e-05,0,0,0.0001797,0,0.0010649,0,0,0.045489,0.0034231,0.0714188,0.0002326,0,0.0006048,0,0,0,0.0005282,0.0031739,0.0008891,0.0390435,0,0,0,0.0009457,0.0043601,0,0.0005691,0.0277403,0.0017299,0,0,0,0.0002713,2.28e-05,0.0002362,0,0.0011802,0.0049426,0,0,0.0001671,0.013705,0,2.03e-05,0.2257611,0.0001705,0,0,0.0006344,0,0.000761,0,0,0.0034633,0.0077662,"12_months"
"SRR7351648",0.0013388,0.0083984,0,0.2535755,0,0,0,8.68e-05,0.0170051,0,0,0,0,0,0,0,2.9e-05,0,0,0.0003235,0,0.0073981,1.22e-05,0,0.2481185,0.0066569,0,6.95e-05,0,0.003249,0,0,0.0023566,0.0055308,0.0118224,0.0036377,0.0027812,0,0,0,0.0015657,0.0004457,0.1148352,0.0002272,0,0,0,0,0.0003187,0.0158974,6.1e-06,0,0,0.0002892,0,0,0,0,0,0,0,0,0,0.0100157,0,0,0,0.0307749,0,0,0,0.0001312,"12_months"
"SRR7351649",0,0.0490499,0,0.458849,0.000166,0,0,0.000355,0.0001546,0,0,0,0,0,4.87e-05,0,0,0,0.0206511,0.0004317,0,0,0,0,0,0,0,0.003715,0,0,0,0,0,0,0.002638,0.0125267,0.0025446,0.0004719,0,0,0.0019585,0.0010672,0,0.0016684,0,0,0,0,0.0010268,0,3.84e-05,0.0007804,0,0.0004581,0,0,0,0,0,0,0,0,0,0.0344962,0,0,0,0.1403409,0,0,0,0.2550712,"12_months"
"SRR7351650",0.0006055,0,0,0,0,0,0,0,0,0,0,0,0,0,0,0,0,0,0.0014824,0,0,0,0,0,0,0,0,0.0002054,0,0,0,0,0,0,0,0,0.0015593,0,0,0,0,0.0008747,0.0003118,0,0,0,0,0,0,0.0028692,0,0,0,0,0,0.0040767,0,0,0.1208729,0,0,0.2185028,0,0.41852,0,0,0,0,0,0,0.2156881,0,"12_months"
"SRR7351651",0.0971817,0,0,0.0089495,0.0002159,0.0009009,0.0159733,0,1.47e-05,1.73e-05,0,0.0126973,0.0080031,0,0,6.34e-05,9.2e-06,0,0,0.0005582,0.0249093,0.0007862,0.0004071,0.0024786,0,0,0,0,0,0.0001945,0,0,0,0.0001655,0.0075293,0.0012872,0.038485,0.0006941,0.0002643,0,0,0.0031199,0.0112112,0.0004038,0.1153652,0.0050819,0,8.49e-05,0.0005278,0.0206538,4.37e-05,0.0025358,0,0.0023237,0,0.0717214,0,0.0041461,0.0022703,0,0.0016067,0.0156243,0.001064,0.236804,0,0,7.51e-05,0.0016095,0.1550803,0,0,0.00399,"12_months"
"SRR7351652",0.0314261,0,0,0.0009493,0,0,0,0,0,0,0,0,0.0001061,0,0,0,0,0,0,0.0002144,0.0006744,0,0,0,0,2.66e-05,0,0.0012921,0,0,0,0,0,5.87e-05,0.0012672,0.0049363,0.0036134,0,0,0,0.0222864,0.0009652,0,0.0002609,0.0142248,0,0,0,0.0003372,0.0050575,4.46e-05,5.46e-05,0.0996919,0,0.0139716,0,0.0001017,0,0,0,0,0.1863782,8.95e-05,0,0.0138368,0,0,0.0107386,0,0,0.4788892,0.0037366,"12_months"
"SRR7351653",0.1039964,0,0.0218306,0.1333419,0,0,0.0166417,0,0.0018944,0.0001476,0,0,0,0,0.0079654,0,0.0001402,0,0.0027158,0.0003666,0,0.0004845,0,0.0002354,0.0176974,2.87e-05,0,0,0.0336978,0.000118,0,0,0,0,0.0022231,0.0141306,0.0014042,0,0,0,0.1626952,0.002645,0.0042038,6.03e-05,0.0024297,0.0071788,0,0,0.0013315,0.0126866,0.0001471,0.0042388,0.0209011,0,0.0616729,0,0,0,0.1236185,1.37e-05,0,4.5e-06,7.26e-05,0.1372998,0.0039753,0.0098539,0.0004974,0.0114412,0,0,0,0.0327227,"12_months"
"SRR7351657",0.1516368,0,0,0.1129853,0.0002385,0,0,0,0.0044134,0,0,0.0266805,0,0,0,0,0,0,0.0328539,0.0008423,0,0.000794,0,0,0.0110143,0.0191245,0,0.008583,0.0620147,0.000683,0,0,0.0013562,0.0715507,0.0060861,0.0082383,0.0042616,0,0.0011807,0,0.0004191,4.36e-05,0.0581719,0.0006271,0,0,0.0045167,0,0.0007273,0.0002502,2.13e-05,0.0243637,0,0.0448527,0,0,0,0,0.0585261,0,0,0.0248591,0,0.0873463,0,0,0.0034316,0.0122243,0,0,0,0.012816,"12_months"
"SRR7351658",0.004362,0.0216345,0,0.0772856,0.0002453,0.000201,0,0,0.0021604,0,0,0,0,0.1383098,0.0016805,0,0,0,0.0055916,0,0,0,0,0.0384109,0.0041381,0,0.0008922,0,0.007342,0,0,0,0,0.004264,0.0022533,0.0323488,0.0161833,0.0002775,0.005194,0,0,0.0010819,0.0077618,0,0.0012906,0,0,0,0.0036663,8.06e-05,0,0.004536,0,0.1702588,0,0,0,0.1615611,0,0,0,0,0,0,0,0,0.0044893,0.0372931,0,0,0,0.0196697,"12_months"
"SRR7351659",0.1165102,0,0,0.0110046,0,0,0.0031667,0,0,0,0,0.119271,0.0203052,0.0594001,0,0,0,0,0.042808,0.0003702,0.0159363,0.0012331,0,0,0,0.0004908,0.0237727,0,0.0016381,0.00031,0,0,0,0,0.0047685,0.0031224,0.0016117,0.0025162,0,0,0.0005382,0.0007048,0,0.0001383,0.203249,0.0022721,0.0005136,8.49e-05,0.0008011,0.0063518,0,0,0.0152868,0.0004714,0.0021966,0.0504674,0,0.0033258,0.000233,0,0,0.1221994,0.0001176,0.0356451,0,0,0,0,0,0,0.023946,0.000441,"12_months"
"SRR7351665",0,0,0,0.2503076,0.0011029,0.0177153,0,0.0003842,0.0015655,0,0,0.2374283,0,0,0,0,0.0002732,0,0,0.0008919,0,0.0007626,0.0004545,0,0.0776885,0,0,0,0,3.78e-05,0,0,0.0016456,0.0023002,0.0105522,0.0054058,0.0498566,0.0033548,0,0.0003914,0.0004896,0.0022581,0,0,0.004348,0,0,0,0.0004598,0.0002443,0.000146,0.0180333,0,0,0,0,0,0,0.0546989,0,0.0001781,0,0.0006001,0,0,0,0,0.0050267,0,0,1.33e-05,0.1864363,"12_months"
"SRR7351667",0,0.0005781,0,0.290837,0.0009514,8.72e-05,0,0.0001489,0.0007868,0,0,0,0,0,0,0,0,0,0.0175732,0.0016736,0,0.0002497,0.0002029,0,0.0031164,8.68e-05,0.0172513,0.0078489,0,0,0,0,1.17e-05,0.0122328,0.0007604,0.0069954,0.0145786,0,0,0,0.0035557,0.0035701,0,5.3e-06,0.0272268,0,0.0003503,0,0.0006636,0,0.0002458,0.0013721,0,0,0,0,0.0004271,0.41102,0,0,0.0023144,0,0,0,0.0280968,0.0579356,0,0.0068823,0,0,0,0.0120597,"12_months"
"SRR7351668",0,0,0,0.0344071,0,0,0,0,5.8e-06,0,0.0034059,0,0,0,0,0,0.0001663,0.0015853,0,0,0,0,0,0,0,0,0,0,0,0,0.0042665,0.0001404,0,0,0,0,0.0042013,0,0,0.0043966,0,0.0021858,0,0,0,0,0,0,0,0.061405,0,0,0.0088833,0,0,0,0,0,0.8748793,1.46e-05,0,0,0,0,0,0,0,0,0,0,0,0,"At_Birth"
"SRR7351672",0.0919506,0.0001389,0,0.0309292,0,0.001131,0,0,0.0002584,0,0,0,0,0,0.0266591,0,0.0001224,0,0,2.35e-05,0,0,0,0.00778,0,0,0.0098852,0,0.0039231,0,0,0,0,2.42e-05,0.0006948,0.0092725,0.0014249,0,0,0,0.0001485,0.0003865,0,0,0.0019488,0,0,0,0.0007258,0,0,0.0006926,0,0.0006666,0,0,0,0.0203832,0.0078894,0,0,0.0022063,0,0.0825692,0,0,0.0002584,0.0138654,0,0,0.6657159,0.0059629,"12_months"
"SRR7351676",0,0,0,0,0,0,0,0.0002457,0,0,0,0,0,0,0,0,1.08e-05,0.0005569,0,0.0002563,0,0,0,0,0.9580509,0,0,0,0,0,0.0042752,0,0,0,0,0,0.0023785,0,0,0,0,0,0,0,0,0,0,0,0,0,0,0,0,0,0,0,0,0,0,0,0,0,0,0,0,0,0,0,0,0,0,0,"At_Birth"
"SRR7351677",0,0,0,0,0,0,0,0,0,0,0.0008798,0,0,0,0,0,0,0,0.0040923,0,0,0,0,0,0,0,0.0700083,0,0.0003822,0,7.71e-05,0,0,0,0,0.0030526,0,0,0,0.0011227,0,0,0.0539724,0,0,0,0.0312358,0.0001575,0.000732,0.0402454,0,0,0,0.0293886,0,0.0634846,0,0,6.11e-05,0,0,0.2634777,0,0,0,0,0,0,0.0282845,0,0,0,"At_Birth"
"SRR7351680",0,0,0,0,0,0,0,0,0,0,0.0025635,0,0,0,0,0.1657098,0,0.0003537,0,0.0016024,0,0.0001866,0,0,0,0,0,0,0,4.26e-05,0.0019224,0.0001974,0,0,0,0.0209653,0,0,0,0,0,0.0008658,0,0,0,0,0,0,0.0021268,0,0,0,0,0,0,0,0.0742404,0,0.6483818,9.3e-06,0.0012107,6.2e-06,0,2.54e-05,0,0,0,0,0,0,0,0,"At_Birth"
"SRR7351693",0.0006163,0.0014303,0.0827167,0.047524,0.0005584,0.0004157,0,0,0.0007211,0.0006802,0,0,0.0204532,0,0,0,0,0,0,0,0.0029445,0,0.0001347,0,0.011008,0,0,0,0.0091815,0,0,0,0,0.0005416,0.0018265,0.005516,0.0010863,0.0003468,0.0001489,0,0.0008384,2.14e-05,0,2.21e-05,0.0345954,0,0.0001711,0.0002238,0.0004352,0.0052255,4.1e-05,0.0060285,0.0689708,0.0022306,0,0.081762,0,0.0552911,0.0202911,0,0,0.2552254,0.0001018,0.1311188,1.86e-05,0,0.0114378,0.0026466,0,0.0011769,0,0.0031998,"12_months"
"SRR7351694",0,0,0,0,0,0,0,5.24e-05,0,0,0.0002306,0,0,0,0,0,6.13e-05,0,0,0.0018791,0,0.0001204,0,0,0,2.62e-05,0,0,0,0,1.45e-05,0,0,0,0,0,0.0109482,0,0,0,0,0.0117042,0,0,0,0,0,0,0,0.0144632,0.0019552,0,0,0,0,0,0.0029636,0,0.4485835,2.24e-05,0,0,0,0.5001184,0,0,0,0,0,0,0,0,"3_months"
"SRR7351696",0,0,0,0,0,0,0,0.0001696,0,0,0,0,0,0,0,0.083615,0,0,0.0024666,0,0,0,0,0,0.062681,0,0.0529766,0,0,0,0.0019727,0,0,0,0,0,0.0049223,0,0,0.0031517,0,0.0003712,0.229085,0,0,0,0.0495015,0.0004498,0.0002618,0,0,0,0,0,0,0.1149943,0,0,1.56e-05,0,0,0.2719787,0,0,0,0,0,0,0.00874,0,0,0,"At_Birth"
"SRR7351697",0,0,0,0,0,0,0,0,0,0,0.0003862,0,0,0,0,0.2686834,0,0,0,0.0010217,0,0,0,0,0,0,0,6.55e-05,0,0,0.0001337,0,0,0,0,0,0.0009436,0,0,3.88e-05,0,0.0033686,0,0,0,0,0,0,0,0.1734808,0,0,0,0,0,0,0.000142,0,0,0,0,0,0.0138347,0,0,0,0,0,0,0,0,0.4844213,"At_Birth"
"SRR7351703",0,0,0,0,0,0,0,0.0003746,0,0,0.0015041,0,0,0,0,0.2799283,0,0,0,0,0,0,0,0,0,0,0,0.628214,0,0,0.0211911,0.000448,0,0,0,0,0.0001923,0,0,0,0,0.0013995,0,0,0,0,0,0,0,0,0,0,0,0,0,0,0,0,0,0,0.0016884,0,0.001157,0,0,0,0,0,0,0,0,0,"At_Birth"
"SRR7351704",0,0,0,0,0,0,0,0,0,0,0,0,0,0,0,0,0,0,0,0,0,0,0,0,0.0252398,0,0.0003767,0,0.0255124,0,6.24e-05,0,0,0,0,0,0,0,0,0,0,0.0001654,0.0514156,0,0,0,0.0979958,0,0.0018327,0.1352902,0,0,0,0,0,0,0,0,0,2.4e-05,0,0.6575793,0,0,0,0,0,0,0,0,0,0,"At_Birth"
"SRR7351711",0,0,0,0,0,0,0,0.0005114,0,0,0.0023,0,0,0,0,0,0.0001283,0.0231683,0,0.0005296,0,0,0,0,0,0,0,0,0,0,0.2339863,0.0070629,0,0,0,0,0.2426766,0,0,0,0,0,0,0,0,0,0,0,0,0.4765422,0,0,0,0,0,0,0,0,0,0,0,0,0,0,0,0,0,0,0,0,0,0,"At_Birth"
"SRR7351713",0,0.0051664,0,0.0641866,0,0.0005264,0.0001255,0,0.0007782,0.0003065,0,0.0525604,0,0,0.0012887,0,0,0,0,1.12e-05,0,0,8.13e-05,0.0214788,0.0234434,0,0,0,0.0114347,0,0,0,0.0010882,0.0017508,0.0045783,0.0017369,0,0,0,0,0.1151221,0,0.0135972,0,0.0051607,0,0.023573,1e-04,9.07e-05,0,0,0.0068904,0,0.002328,0,0.0214012,0,0.0915369,0,0,0,0.1683102,0,0,0,0.000285,0,0.0085249,0,0,0.3386282,0.0016077,"12_months"
"SRR7351714",0.0071024,0,0.0123192,0.0034389,0.0006753,0,0,0.0005475,0,0,0,0.015714,0,0.0780188,0,0,0,0,0,0.0011787,0,0.0001446,0.0007853,0,0,0.0005187,0,0,0,4.42e-05,0,0,0,0,0,0,0.0172218,0,0,0,0,0.0077029,0,0.0009314,0.166635,0,0,6.66e-05,0,0.0063966,0.0003164,0.0005002,0,0,0.0001001,0.0779217,0,0,0.0020744,0,0,0.1795258,0.0001933,0.2091311,0.0126543,0,0,0,0.1372283,0.0016637,0,0.0020443,"12_months"
"SRR7351719",0.0680112,0,0,0.0268453,0,0,0.0412155,0,0.0004176,0.0015281,0,0.0401303,0,0,0,0,0,0,0,0,0.0014356,6.06e-05,0,0,0,9.29e-05,0.0806717,0.0003749,0,0,0,0,0,0,0.0041684,0,2.14e-05,0.0010155,0,0,0.0048311,2.9e-05,0,0.0002047,0.0889715,0,0.0827022,0,0,7.76e-05,3.42e-05,0.000446,0.0054512,0.0032328,0,0,0,0.0961095,0,0,0.0002104,4.4e-05,0,0,0,0,0,0.0008701,0,0,0.4005145,0.0053779,"12_months"
"SRR7351722",0.013193,0.000354,0,0.0618572,0,0.0001679,0,0,0.0106091,0,0,0,0,0.0936996,0,0,0,0,0,0,0,0.0001271,0,0,0.0491339,1.72e-05,0,0.013572,0.5799084,0.0002314,0,0,0,0.0023303,0.0106828,0.0122555,0.0012708,0.0052789,0.001363,0,0.0365916,1.3e-05,0,0.000109,0,0,0.0243376,0,0.0009335,0.003034,3.91e-05,0.0013929,0,0.0141426,0,0,0.0014811,9.82e-05,0,0,0,0,0,0,0,0.000764,0.0004359,0.0083472,0,0,0,0.0300814,"12_months"
"SRR7351723",0,0.0094781,0,0.2427183,0.0001748,0,0,0,0.014841,0,0,0,0,0,0,0,0,0,0,0,0,0,1.25e-05,0,0,0,0,0.0395964,0,2.85e-05,0,0,0.0014633,0.0220819,0.0029074,0.0056352,0.0018768,0.0139162,0.0057798,0,0.0064349,0,0,0,0,0,0,0,0.0018041,0.0217124,0,0.005743,0,0,0,0,0,2.04e-05,0.0788408,0,0.0002571,0,6.76e-05,0,0,0.0119095,0.0074368,0.0839443,0,0.0033067,0,0.0377909,"12_months"
"SRR7351724",0.1696073,0,0,0.0434591,0,0,0,0,0,0.0047532,0,0,0,0,0,0,0,0,0,0,0,0,2e-05,0.003592,0.0621468,0,0.0648253,0,0.0446324,0,0,0,0,0.0012993,0.0042354,0.0012333,0.000821,0.0014755,0.0008208,0,0.0659308,0,0.0065936,0,0.0325511,0.0075681,0.0252344,4.9e-06,7.91e-05,0.0007545,0,0.0006911,0,0,0,0.0145218,7.22e-05,0.3331742,0,0,0,0.0189347,0,0,0,0.0030336,0,0.0026114,0,0,0.034011,0.0118616,"12_months"
"SRR7351725",0.0294227,0,0.0053971,0.0042386,0,0.0002582,0.0023496,0,0.0001194,0.0125676,0,0.0082821,0,0,0,0,0,0,0,0,0,0,0,0,0,0,0.0090508,0,0.0207506,0,0,0,0,0.0047125,0.0202893,0.0001622,0.0024417,0.0030235,0,0,0.0022749,0.0001042,0.006202,0,0.0137464,0,0.0102152,0,0,0.0001328,0,0.0115299,0.0207943,0.0080572,0.0315725,0.0237124,0,0.0076931,0.0005518,0,0,0.1171307,0,0,6.92e-05,0,0.0052889,0.0015611,0,0,0.0122779,0.0064162,"12_months"
"SRR7351726",0.0133265,0,0.0025489,0.0255148,0,0,0,0,0.0010093,7.87e-05,0,0,0.0126212,0.0635276,0,0,0,0,0,0,0,0.0005053,0,0,0.0124916,0,0.0093903,0,0,0.0001111,0,0,0.0059435,1.23e-05,0.0014404,0.0052037,0,0.0029228,0,0,0.0975937,0,0.0028249,0,0.0198626,0.0020211,0,0.0001063,0.0004609,0.0048957,0,0.0016468,0,0,0.0022156,0.0507824,0,0,0.1106012,0,0,0.3130751,0.0001084,0.0025875,0,0,0.000467,0.0008501,0.0022281,0,0,0.0036536,"12_months"
"SRR7351727",0,0.0002577,4.79e-05,0.4105877,0.0001093,0.0053239,0,0,0.0012896,0,0,0.33645,0,0,0,0,0,0,0,5.24e-05,0,0,0.0005329,0.0052893,0,0,0.001552,0,0,0,0,0,0.0008434,0.005658,0.0026549,0.0134245,0.0006561,0.0012651,0.0002693,0,0,1.72e-05,0.0050531,7.48e-05,0.0005278,0,0.0013634,0,0.0013326,0,0.000195,0.0168824,0,0.0022952,0,1.16e-05,0,0.0116005,0.0725141,0,0,0,7.04e-05,0,0,0,0,0.0207873,0,0,0,0.0521356,"12_months"
"SRR7351728",0.3957863,0.0026867,0,0.1817499,0.0010928,0.0033759,0.0485165,0.0003368,0,0,0,0.053624,0.0001157,0.000575,0,0,0,0,0,0.0011619,0.0023131,0,0.0008936,0.0171455,0.004657,0,0.011674,0,0,0,0,0,0,0.0006109,0.0002674,0.0068102,0.0076244,0.0029736,0,0,0,0,0,0.000357,0.0268006,0.0034865,0,0,0.0004874,0,6.77e-05,0.0207488,0.1251699,0,0,0.0009393,0,0,9.21e-05,0,0.0002902,0.0057959,0.0004777,1.6e-05,0,0,0,0.0010535,0,0,0,0.0074027,"12_months"
"SRR7351729",0.1753743,1.46e-05,0.0354676,0.0246983,0,0,0.0030465,0,0.0003755,0,0,0.0265217,0,0.0287654,0.0002146,0,5.3e-05,0,0,0,0,0,8.71e-05,0.0168326,0,0,0.004565,0,0.0058846,0,0,0,0,0.0001388,0.0028067,0.0014381,0.0014293,0.0002225,0.0010197,0,0.0040316,0.0002091,0.0009685,0.000294,0.0244269,0,0.0002539,4.61e-05,0.0006254,0.0003476,4e-05,0.002205,0.0403078,0.0018641,0.1484318,0.0346419,0,0.0451995,0.0002183,0,0,0.1344054,0,0,0,0,0.000644,0.0079992,0.0342049,0,0,0.0063507,"12_months"
"SRR7351732",0,0,0,0.0102656,0,0,0,0,0,0,0.0003539,0,0,0,0,0.0007531,0,0,0.0021824,0,0,0,0,0,0,0,0,0.0053427,0,0,0,0,0,0,0,0,0.0012592,0,0,0.0004854,0.00024,7.87e-05,0,0,0,0,0,0,0,0.0029215,0,0.0003132,0.0352335,0,0,0,0,0.1013261,2.64e-05,0,0,0.7440772,0,0,0,0,0,0,0,0,0,0,"3_months"
"SRR7351733",0,0,0,0,4.76e-05,0,0,0,0,0,0,0,0,0,0,0.0087785,0,0,0,0.0002856,0,0,0,0,0.2032328,7.41e-05,0,0.0002336,0.0006256,0,0,0,0,0,0.0178211,0,1.68e-05,0,0,0,0,8.14e-05,0.0212705,0,0,0,0.0095259,0,0,0.0249639,3.56e-05,0,0,0,0,0,0.0013143,0,0,0,0,0,0,0,0.0121161,0,0,0,0,0,0.6437113,0,"3_months"
"SRR7351734",0,0,0,0,0,0,0,0,0,0,0,0,0,0,0,0,0.0063273,0,0,0,0,0,0,0,0,0,0,0.2798629,0,0,0.1715387,0,0,0,0,0,0.1263887,0,0,0,0,0.0272147,0,0,0,0,0,0,0,0.007507,0,0,0,0,0,0,0,0,0,0,0.0479319,0.003668,0,0,0,0,0,0,0,0,0,0,"At_Birth"
"SRR7351735",0,0,0,0,0,0,0,0.0014164,0,0,0.0124924,0,0,0,0,0.0005598,0.0016713,0,0,0.0007113,0,0.0002458,0,0,0,0.0020643,0,5.04e-05,0,1.78e-05,0.0017079,0,0,0,0,0,0.1751671,0,0,0,0,0.0439133,0,0,0,0,0,0,0,0.0084976,0,0,0,0,0,0,0,0,0.0001305,0,0,0.3653176,0,0.3798845,0,0,0,0,0,0,0,0,"At_Birth"
"SRR7351739",0,0,0,0,0,0,0,0,0,0,0.0009583,0,0.0980352,0,0,0.0865879,0.0007794,0,0,0.000193,0,0,0,0,0,0,0,0.0613962,0,0,0.0001729,0,0,0,0,0.006059,0.0666984,0,0,0,0,0.0020903,0,0,0,0,0,0,0.0005829,0.5709516,1.08e-05,0,0,0,0,0,0,0,0,0,0.0001001,0,0,0.0003109,0,0,0,0,0,0,0.0001913,0,"3_months"
"SRR7351744",0.0433021,0,0.0016967,0,0,0,0.0164329,0,0,0,0,0.0061818,0,0.0596112,0,0,0,0,0,0,0,0,0.0004516,0.0131687,0,0,0,0,0.0004556,0,0,0,0,0,0,0.0136844,0.0051787,0,0,0,0.0139458,0,0,0,0.0105025,0,0,0,0,0,0,0.0111774,0.0267456,0.0083891,0,0,0,0.1137952,0,0,0,0.0318367,0,0.2869719,0,0,0,0.0052658,0.0853692,0,0,0,"12_months"
"SRR7351745",0,0,0,0.6854649,0,0.0001329,0,0,0,0,0,0,0,0,0,0,0,0,0,0,0,0,0,0.0227412,0.0016853,0,0.0033004,0,0,0,0,0,0,0,0.0024806,0.0087183,0.0014492,0,0,0,0.1191462,0,0,0,0,0,0,0,0,0,0,0,0,0,0,0,0,0,0.1259176,0,0,0,0,0,0,0.0001205,0,0.0212986,0,0,0,0.0073766,"12_months"
"SRR7351746",0.0738582,0.0002245,0,0.050836,2.67e-05,0,0,0,0,0,0,0.3356402,0,0,0,0,0,0,0,2.22e-05,0,0.0003632,8.83e-05,0,0,0.0024767,0.0202645,0.0010113,0.0141109,0.0003737,0,0,0,0,0.0083844,0.0125194,0.0014376,0,0,0,0,9.66e-05,0,0.0001021,0,0,0,0,0.0012569,0.0008094,3.46e-05,0.0012584,0,0,0,0,0.0008424,0,0,0,0,0.1986615,0,0.1751242,0.0360347,0.0006584,0.0009801,0.0044555,0,0,0,0.0039629,"12_months"
"SRR7351749",0.1898142,0.0001324,0.018595,0.0058476,0,0,0,0,0,0.0014149,0,0.1277433,0.0034483,0.0858537,0,0,1.54e-05,0,0.0006024,1.02e-05,0.0043864,0.0003614,0,0.0082957,0,0.0007514,0,3.58e-05,0.0032972,0.000291,0,0,0,1.27e-05,0.0028921,0.0019564,0.0044466,0.0012675,0.0001586,0,0.0402268,0.0008794,0.0010381,0.0002899,0.0316541,0.0018591,0.0003423,0.0001103,0.0002263,6.41e-05,9.48e-05,0.0005201,0.1422024,0.0017589,0,0.0416866,0,0,0.0055072,0,0,0.0483154,0,0.0739095,0,0.0126984,4.27e-05,0.0007853,0.0180105,0,0,0.0008669,"12_months"
"SRR7351754",0,0,0,0,0,0,0,0.0006652,0,0,0,0,0,0,0,0.7841233,1.53e-05,0.0057501,0,0.0007568,0,0,0,0,0,0,0,0.0023428,0,0,0.0158905,0,0,0,0,0,0,0,0,0.1790193,0,0.0075335,0,0,0,0,0,0,0,0,0,0,0,0,0,0,0,0,0,0,0.0015056,0,0,3.2e-06,0,0,0,0,0,0,0,0,"At_Birth"
"SRR7351758",0,0.002454,0,0.0094961,0.0002667,0,0,0.0001846,0.0007294,0,7.34e-05,0.1818169,0.0370886,0,0,0,7.9e-05,0,0,0.0031818,0,0.001842,0.0003644,0.0116329,0,0.0018739,0,0.0092193,0.0029362,0.0007857,0,0,8.9e-06,0.0023302,0.0012066,0.0064778,0.0027498,0,0,0,0.0030242,0.0031158,0,0.000765,0,0,0,0,0.0005767,0.0274274,0.0001041,0.0024524,0,0,0.2171706,0,0,0,0.0189626,0,0.0015822,0.12927,8.83e-05,4.3e-06,0,0,0.0008448,0.0036693,0.1792537,0,0,0.0097137,"12_months"
"SRR7351759",0,0,0,0,0,0,0,0.0003897,0.0872843,0,8.44e-05,0,0,0,0,0.3399561,0,0.0041321,0,0.0012577,0,0,0,0,0,0,0,0,0,0,0.0126726,0,0,0,0,0,0.008822,0,0,5.47e-05,0,0.0015768,0.5392259,0,0,0,0,0,0,0.0006786,0,0,0,0,0,0,0,0,0,0,0,0,0,0,0,0,0,0,0,0,0,0,"At_Birth"
"SRR7351763",0,0,0,0,0,0,0,0.0002465,0,0,0,0,0,0,0,0.0395261,0,0,0,0,0,0,0,0,0,0,0.2593892,0,0,0,0.0068518,0,0,0,0,0,0.1447113,0,0,0,0,0.0006863,0,0,0,0,0,0,0,0,0,0,0,0,0,0,0,0,0,0,0.0001191,0,0,0,0.4276179,0,0,0,0.1134855,0,0,0,"At_Birth"
"SRR7351765",0,0,0,0,0,0,0,0.0013342,0,0,0.04619,0,0,0,0,0.0732723,0,0,0,0,0,0,0,0,0,0.0036053,0,0,0,0,0.0039745,0,0,0,0,0,0.1435197,0,0,0,0,7.69e-05,0,0,0,0,0,0,0,0,0,0,0,0,0,0,0,0,0,0,0.0048767,0,0.5390932,0,0,0,0,0,0,0,0,0,"At_Birth"
"SRR7351766",0,0,0,0.9675986,0,0,0,0,0,0,0,0,0,0,0,0,0,0.0021656,0,0.0001001,0,0,0,0,0,0,0,0,0,0,0.0119339,0,0,0,0,0,0,0,0,0,0,0.0169896,0,0,0,0,0,0,0,0.0005996,0,0,0,0,0,0,0,0,0,0,0,0,0,0,0,0,0,0,0,0,0,0,"At_Birth"
"SRR7351767",0,0,0,0.034874,0,0,0,0,0,0,0.0020147,0,0,0,0,0,0,0.0045667,7.3e-06,4.78e-05,0,0,0,0,0.0212016,0,0.002303,0,0,0,0.0036875,0,0,0,0,0.0003022,0.0123766,0,4.61e-05,0,0,0.0017412,0.0006252,0,0,0,0.0128975,9.3e-05,0.0003494,0.064963,0,0,0,0.0033867,0,0.0156358,0,0,0,2.46e-05,0,0.1726937,0,0.3161276,0,0,0,0,0.042923,0,0.2732767,0,"At_Birth"
"SRR7351770",0,0,0,0,0,0,0,0.0001387,0,0,6.82e-05,0,0,0,0,0.0248393,0.0003845,0,0,8.58e-05,0,0.00129,0,0,0,3.51e-05,1.53e-05,0,0,0.0003602,0.0158373,0.0088637,0,0,0,0,0.0011844,0,0,0,0,0.0003441,0,0,0,0,0,0,0,0.0045578,0,0,0,0,0,0,0,0,0.0043438,0,0,0.5040942,0,0,0,0,0,0,0.2822211,0,0,0,"At_Birth"
"SRR7351771",0,0,0,0,2.39e-05,0,0,0,8.51e-05,0,8.67e-05,0.1374133,0,0,0,0,0.0004319,0,0,0.0017728,0,0,0,0.0207104,0.0004804,0,0,0,0,0,0,0,0,0,0.0001614,0,0.0694915,0,0,0,0,0.0137419,0,0.0023768,0,0,0,0,0,0.0099362,0.0007788,2.47e-05,0.0771375,0,0,0,0.0025992,0,0.6013562,0,0,0,0,0,0.0011047,0,0,0.0416976,0,5.94e-05,0,0,"3_months"
"SRR7351773",0,0,0,6.53e-05,0,0,0,0.0002835,0,0,0.0002111,0,0,0,0,0,0,0,0,0.0003955,0,0,0,0,0,0,0,0,0,0,0.0170316,0,0,0,0,0,0.0060577,0,0,0,0,0.0099767,0,0,0,0,0,0,0,0.0252757,0,0,0,0,0,0,0,0,0,0,0,0,0,0,0,0,0,0,0,0,0.9284204,0,"At_Birth"
"SRR7351774",0.0192822,0.0001329,0,0.0936644,0,0.0001753,0,0,0.0015628,0,0,0,0,0,0.0022887,0,0,0,0,0.0001261,0,0,0,0.0104215,0.0086982,0,0.0299953,2.9e-05,0.015156,0,0,0,0.0028463,0.0042364,0.0056651,0.0038667,0.0039186,0.0026353,0.0026561,0,0.0009878,0.000301,0,7.28e-05,0.0177074,0,0,0.0006659,0.0013172,0.0017143,0,0.0091265,0.0136003,0.005454,0.0011523,0.1142174,0,0,0,0,0,0.3312083,0,0,0,0,0.0072125,0.0118386,0.1802007,0.0018789,0,0.0026264,"12_months"
"SRR7351775",0.0232945,0,0,0.0050512,0.0021021,0,0.0037463,0.0015304,0.0008879,0,0.0002041,0.0207509,0.0134562,0.0004737,0,0,0.0003261,0,0.0027108,0.0110534,8.85e-05,0,5.49e-05,0.0026462,0.0355111,3.27e-05,0.1219986,0,0,0,0,0,4.94e-05,0.0107716,0.0104765,0.0054274,0.0104377,0.0019639,0,0,0,0.0012221,0,0.0017389,0.0595628,0.006927,0,0,0.0003209,0.005133,0.0010665,0.0016145,0.0066515,0.0003835,0,0.0477694,0,0,0,0,2.81e-05,0.0370443,0.0010773,0.0313688,0,0,0,0,0.0074075,0.0004401,0,0.0112543,"12_months"
"SRR7351776",0,0,0,0,0,0,0,0,0,0,0,0,0,0,0,0.0157221,0,0,0,0,0,0,0,0,0,0,0,0.0010395,0,0,0,0,0,0,0,0.0130491,0.0001264,0,0,0,0,0,0,0,0,0,0,0,0.0011986,0.0001678,0.0002421,0,0,0,0,0,0.0054503,0,0,3.81e-05,0,0.6626769,0,0,0,0,0,0,0,0,0.1563137,0,"3_months"
"SRR7351777",0,0,0,0,0,0,0,0,0,0,0,0,0,0,0,0.0461844,7.8e-06,0,0,8.1e-06,0,0,0,0,0,0,0,0.0319541,0,0,0,0,0,0,0,0,0.0002877,0,0,0,0,0,0,0,0,0,0,0,0,0,0,0,0.0329519,0,0,0,0.011645,0,0,0,0,0.1340216,0,0,0.0223677,0,0,0,0,0,0.712972,0,"3_months"
"SRR7351778",0,0,0,0,0,0,0,0,0,0,0,0,0,0,0,0,0.0004263,0,0,0.0003859,0,0.0094144,0,0,0,0.0082545,0,0,0,0.0013242,0.0007433,0,0,0,0,0,0.0040319,0,0,0,0,0.0046052,0,0,0,0,0,0,0,0.0161744,0.0001077,0,0,0,0,7.1e-06,0.0294144,0,0,4.23e-05,9.88e-05,0.1414051,0,0.5518096,0,0,0,0,0,0,0.199512,0,"3_months"
"SRR7351779",0,0,0,0,0,0,0,0,0,0,0.0158333,0,0,0,0,0,0,0,0,0.012008,0,0.0003857,0,0,0,0.0008267,0.0013153,0,0,0.0002928,0,0,0,0,0,0,6.4e-05,0,0,0.0131645,0,0.0022677,0,0,4.16e-05,0,0,0,0,0.1202371,0,0,0,0,0,0,0,0,0,0,0.0063425,2.52e-05,0,0.7650234,0,0,0,0,0,0,0.0543423,0,"3_months"
"SRR7351780",0,0,0,0,0,0,0,0,0,0,0.000347,0,0,0,0,0.0083796,0.0006839,0,0,1.5e-05,0,0.0016587,0,0,0,0.0024697,0,0,0,0.0007796,0,0,0,0,8.93e-05,0.0099863,0.0007328,0,0,0.0084243,0,0.0194951,0,0,0,0,0,0,0.0008949,0.248907,5.47e-05,0,0,0,0,0,0,0,0.0001587,0,0,0.0025063,0,0,0.3335439,0,0,0,0,0,0,0,"3_months"
"SRR7351781",0,0,0,0,0,0,0,0,0,0,0.0002528,0.099227,0,0,0,0.1606921,0,0,0,5.19e-05,0,0,0,0,0,0.0001633,0,0,0,0,0,0,0,0,0,0,0.0064137,0,0,0,0.0010966,0.0010596,0,0,0,0,0,0,0,0.0409417,0,0.0024144,0,0,0,0,0.0030703,0,0,0,0,0,0,0,0,0.5103518,0,0,0,0,0,0.0955858,"3_months"
"SRR7351782",0,0,0,0,0,0,0,0,0,0,0.0003981,0,0,0,0,9.12e-05,0,0,0,6.21e-05,0,0,0,0,0,0,0,0,0,0,0,0.0166233,0,0,0,0,0.0477056,0,0,0,0,0,0,0,0,0,0,0,0,0.001306,0,0,0,0,0,0.0018908,0,0,6.17e-05,1.16e-05,0,0.1867367,0,0.6129396,0,0,0,0,0,0,0.1316904,0,"3_months"
"SRR7351783",0,0,0,0,0,0,0,0,0,0,0,0,0,0,0,0,0,0,0,0.0001885,0,0,0,0,0,0,0,0,0,0,0,0,0,0,0,0,0,0,0,0,0,0.001328,0,0,0,0,0,0,0,0.0040373,4.4e-06,0,0,0,0,0,0,0,5.86e-05,0,0,0.8295477,0,0.1637461,0,0,0,0,0,0,0,0,"3_months"
"SRR7351787",0.1022184,0.0061946,0,0.0900295,0,0.0023788,0.0549542,0,0,0,0,0,0,0,3.83e-05,0,0,0,0,9.18e-05,0,0,3.84e-05,0.0277378,0,0,0.0014063,0,0,0,0,0,0,0,0.000878,0.005683,0.0012532,0,0,0,0.0001303,5.07e-05,0.0002913,0,0.0004443,0,0,0,0.0005504,0,0.0006262,0,0,0.0007767,0,0,0,0.018128,0.0592995,0,0,0.5663238,5.9e-05,0.0001544,0,0,0,0.0187509,0.0001773,7.29e-05,0,0.0135076,"12_months"
"SRR7351797",0.4425864,0,0,0.0578321,0.0004555,0,0,0,0,0,0,0,0,0,0,0,0,0,0,0.0002408,0,0,0,0.0126457,0,0,0,0,0,0,0,0,0,0,0,0.0067151,0.0118252,0,0,0,0.2235342,0.00105,0,0,0,0,0,0,0.0004874,0.0050619,0.0004576,0.0007121,0,0,0,0,0,0,0.0333394,0,0,0.1095138,0,0,0,0,0,0.0008009,0,0.0018451,0,0.0813052,"At_Birth"
"SRR7351798",0.0040122,0,0,0.0141055,0.0002654,0,0,0,0,0,3.63e-05,0.0162671,0,0,0,0,3.92e-05,0,1.12e-05,0.0003337,0,0,0,0.0012886,0,0,0.0006804,0.001662,9.5e-05,0.0001017,0,0,0,2.16e-05,0,0,0.0007132,0,0,0,0,6.08e-05,0,0.0001939,0.0001029,0,0.0003925,0.0002097,4.76e-05,0.0020482,5.55e-05,0,0.0039659,0,0,0.0445069,0,0.0003489,0,7.67e-05,0.0001526,0.1854985,0,0.6206284,5.08e-05,0,0,0,0.0853467,0,0,0.0015844,"12_months"
"SRR7351800",0.0606885,0,0.0118887,0.0293427,0.0003351,0,0,0,0.0015052,0,0,6.6e-06,0.0170038,0,0.0006754,0,0,0,0.0038279,0.0001163,0,6.17e-05,0.0005694,0,0,0.0021366,0,0,0.0020817,5.8e-06,0,0,0,0.0064802,0.0023657,0.0023652,0.0019435,0.0029008,0,0,0,0.000639,0.0027151,3.15e-05,0,0.0025878,0.0014603,0.0003959,0.0002204,3.5e-05,7.43e-05,0.0050403,0,0.002928,0,0.1160336,7.47e-05,0,0.440731,0,4.41e-05,0.1551469,0,0,0.0007745,0,0.0006921,0.0002961,0,0,0,0.0106285,"12_months"
"SRR7351810",0.1901348,0.004005,0,0.2242602,0.0003895,0.002376,0.0227107,0,0.0013601,0,0,0.1416955,0,0,0.0001985,0,0,0,0.0080325,0.0001575,0,0,0.0001614,0.0234331,0.0005954,0,0.0087803,0,0.0034513,0,0,0,8.85e-05,0,0.0017032,0.0110958,0.0025669,0,0,0,0,0.0007698,0,0.000248,0.0105577,0.001629,0,0,0.0025243,0.001136,0.0006041,0.0013075,0,0.0008674,0,0,0,0.0061563,0,0,0,0.1395311,0.0001145,0,0,0,0,0.0325103,0,0,0,0.0080693,"12_months"
"SRR7351827",0,0,0,0,0,0,0,0,0,0,0,0,0,0,0,0,0,0,0,0.0001904,0,0,0,0,0,0,0,0,0,0,0,0,0,0,0,0.0003891,0.0013118,0,0,0,0,0.0006482,0,0,0,0,0,0,3.9e-05,0.0011118,0.0001718,0,0,0,0,0.0002477,0,0,0.4628737,0,0,0.0828406,0,0.4372689,0,0,0,0.0001098,0,0,0,0,"3_months"
"SRR7351828",0.0890047,0,0.0108293,0.0376696,0,0,0.0028156,0,0,0.0092444,0,0.0839624,0.0001577,0,0,0,0,0,0.0684757,0,0.0003837,0.0018,0,0,0.0001958,0.0013112,0.0055747,8.19e-05,0.0180811,0.0010041,0,0,0,0,0.0003443,0,0.0013827,0,0,0,0,0.000926,0.002634,9.73e-05,0.146543,0.0070732,0.0051112,0.0001458,0,3.83e-05,0,0.0021909,0.0317919,0,0.0501585,0.0447486,0,0,0.1553458,0,6.81e-05,0.055967,0,0,6.5e-06,0,0,0,0.0176868,0,0,0,"12_months"
"SRR7351829",0,0,0,0,0,0,0,0.0020989,0,0,0,0,0,0,0,0,0.008309,0.0070394,0,0.001459,0,0.0111898,0,0,0,0,0,0.0001379,0,0.0011275,0.2806726,0.01789,0,0,0,0,0,0,0,0,0,0.6096179,0,0,0,0,0,0,0,0.0004135,0,0.002828,0,0,0,0,0,0,0,0,0.0331781,0,0,0,0,0,0,0,0,0,0,0,"At_Birth"
"SRR7351833",0.0317769,0.0004885,0,0.001901,0,0.000248,0.000164,0,0,0.0004791,0,0.1448294,0.0008987,9e-05,0,0,0,0,0.0025819,1.42e-05,0.0074861,0,0,0.0014383,0,0,0,0,0,0,0,0,0,0,0.000279,0.0049907,5.56e-05,3.96e-05,0,0,1.05e-05,0.0003634,0,0.0005289,0.0048741,0,0,5.2e-06,0.0007134,0.0008818,4.99e-05,0.0003852,0.0486797,0.001465,0.0176382,0.018733,0,0,0.0072269,2.46e-05,0,0.1494854,0,0,0,0,0,0.0013978,0.5136203,0.0001858,0,0.0024572,"12_months"
"SRR7351836",0,0,0,0,0,0,0,0,0,0,7.94e-05,0.0017958,0,0,0,0.0001553,0,0,0,8.94e-05,0,0,0,0,0.0136273,0,0,0,0,0,0,0,0,0,0,0.0041401,0.0026575,0,0,0,0,0.0016413,0.0032618,0,0,0,0,9.85e-05,0.0003303,0.0007547,0.0001277,0.0006019,0,0,0,0.0527784,0,0,0.9007326,2.62e-05,0,0,0,0,0,0,0,0,0,0,0,0.0032623,"3_months"
"SRR7351837",0,0.0489478,0,0.0306818,0,0.0154035,0,0,0.0127556,0,0,0.0519589,0,0.0241651,0.0003146,0,0,0,0,0,0,0,0.0001776,0.0202733,0.1815621,5.07e-05,0,0,0,0,0,0,0.0151669,0.001434,0.0319554,0.0295587,0.0018796,0,0,0,0,0.0004105,0,2.32e-05,0.0114634,0,0,0,0.0028087,0.0316036,0,0.0030853,0,0.0023219,0,0,0,0.0567168,0.0794832,0,0.00228,0,0,0,0.0090913,0,0,0.0030923,0,0,0,0.0146005,"12_months"
"SRR7351838",0.1774562,0.0007321,0,0.1207837,0,0.0001013,0,0,0,0,0,0.1128795,0,0,0.0016245,0,0,0,0.0058721,0,0,0.0002717,0,0,0,8.48e-05,0.0175316,0.0004705,0.0055187,1.79e-05,0,0,0,0.0002357,0.0021518,0.0140279,0.0025142,0,0,0,0.000211,0.0005565,0.0027517,0.0008569,0,0,0.0002256,0,0.0024834,0.0011688,0.0001947,0.0087662,0,0.0034718,0,0,0,0.0507539,0.0008852,0,0,0.1203995,0,0,0,0,0.004309,0.0129202,0,0.0015441,0.2077479,0.0191222,"12_months"
"SRR7351840",0,0,0,0,0,0,0,0,0,0,0.0006066,0,0,0,0,0,0.0007776,0.0021423,0,0,0,0,0,0,0,0,0.2140167,0,0,0,0.0002424,0,0,0,0,0,0.0083592,0,0,0.0020236,0,0.0081839,0,0,0,0,0,0.0002185,0,0.0279847,0,0,0,0,0,0.1481067,0,0,0.4741791,0,0,0,0,0,0.1107506,0,0,0,0,0,0,0,"At_Birth"
"SRR7351841",0.1110469,0.000176,0,0.0625167,0,0.0099818,0.0110846,0,0.001224,0,0,0.0186835,0,0.0011884,3.7e-05,0,0,0,0.0045089,0.0004996,0,0,0,0.0097449,0.0102483,0,0,0,0,0,0,0,5.11e-05,0.0037052,0.0013998,0.0037525,0,0.0017677,0,0,0.1453581,0.0004349,0,0,0.0591947,0,0.0127544,0,0.0008364,0.0268603,0,0.0050954,0,0.0010832,0,0,0,0.0253668,0.0744884,0,0,0.3018608,4.67e-05,0.0011275,0.0020283,0.0011324,0.0019728,0.0064161,0.0077946,0.000637,0.0039738,0.0055351,"12_months"
"SRR7351853",0.030992,0,0.0931966,0.002468,0,0,0,0,0,0.0011662,0,0.0293477,0,0.0283584,0,0,0,0,0.0055077,2.59e-05,0.0008637,0,0,0,0.0022746,0.0074241,0.0301857,0,0.0033736,0,0,0,0,0.001994,0.005072,0.000674,0.001124,0.0029205,0,0,0,0.0001388,0.000295,5.67e-05,0.0645241,0,0.0017689,0.0001762,0.0002577,0,0.0001021,0.0005902,0.0251418,0.0007188,0.0619147,0.0398601,0,0,0.0459672,0,0,0.1498552,0,0.148522,0,0,0,0.0008756,0.1078149,0,0.0193391,0,"12_months"
"SRR7351855",0.0496935,0,0,0,0.0002104,0,0,0,0,0,0,0,0,0,0,0,0,0,0,0.0009123,0,0.0045568,0,0,0,0.1354897,7.5e-05,4.92e-05,0.0004546,0.0038054,0,0,0,0,0,0,0.0022773,0,0,0,0,0.0002953,0,0.0017,0,0,0,0,0,0.0049141,0.0001586,0.0036864,0.0234791,0,0,0,0,0,0,0,0.000189,0.1270728,1.7e-05,0.3566268,0.0013783,0,0,0.000289,0.1617836,0,0,0.0046871,"12_months"
"SRR7351856",0,0,0,0,0,0,0,0,0,0,0.0001141,0,0,0,0,0.0003354,0,0,6.49e-05,0.0008787,0,3.75e-05,0,0,0,0,0.0017387,0.0091738,0,0,0,0,0,0,0.0002575,0.0025666,0,0,0,0,0,3.56e-05,0,0,0,0,0,0,0.0002225,0.0229098,6.56e-05,3.66e-05,0,0,0,0,0,0,6.23e-05,0,0,0.8579167,0,0.0755421,0,0,0,0.0117668,0,0,0,0.0043166,"3_months"
"SRR7351858",0.1325664,0.0003754,0,0.0369769,0,0,0.0261218,0,0,0.0001146,0,0.1118835,0.0030575,0,0,0,0,0,0,0,0,0,0,0.0164724,0,0,0,0,0.0013951,0,0,0,0,0,0,0.0140441,0.000388,0,5.71e-05,0,0.0798671,0.0005777,0,6.45e-05,0.0024464,0.0047035,0,0.0001224,0.0020276,0,1.51e-05,0.0045819,0.083626,0.000174,0.0296044,0.1248806,0,0,0.0016923,3.1e-05,0,0.0431123,0,0.1227069,2.04e-05,0.0098507,4e-04,0.0017948,0.0686719,0,0.0454597,0.0076059,"12_months"
"SRR7351862",0,0,0,0.1658364,4.08e-05,0,0,6.19e-05,0.0034134,0,0,0,0,0.1610414,0.0072983,0,0,0,0,0.0001943,0,0.0016994,0,0,0,0.0339064,0.1286218,0.0001616,0,0.0009539,0,0,0,0,0.0032399,0.0007714,0.0009533,0,0,0,0,0.0004247,0,0,0,0,0,0.0001057,8.99e-05,0.0006802,0,0.0140078,0,0,0,0.1367921,0,0,0,0,4e-05,0.0182347,7.69e-05,0.1179776,0.0055825,0,0,0.0089012,0,0,0.1138984,0.0122088,"12_months"
"SRR7351868",0.0186581,0,0,0.0613183,0,0,0,0,9.82e-05,0,0,0.1080195,0,0,0,0,0,0,0,0.0001583,0,0,0.0001332,0,0,0.0002062,0,0.0187049,0,1.92e-05,0,0,0,0,0.0042096,0.0064833,6.63e-05,0,0,0,0.3001185,0.0002706,0,0.0004635,0,0,0,0,0.0006549,0.0002775,2.5e-06,0.0004026,0,0,0,0,0,0,0,0,1.54e-05,0.2153165,3.48e-05,0.1926727,0.0194633,0.0043233,0,0.0107947,0,0,0,0.0056824,"12_months"
"SRR7351870",0,0,0,0.0073644,0.0010016,0,0,0.0004451,0,0,9.71e-05,0,0,0,0,0.0040634,0,0,0,0.0026704,0,0.001875,0,0,0,0,0,0.0515153,0,0.000434,0,0,0,0,0,0,0.0034711,0,0,0.0001369,0,0.0021986,0,0,0,0,0,0,0,0,0.0002423,0.0001594,0,0,0,0,5.74e-05,0,0,0,0,0,0,0,0,0,0,0,0.8996048,0,0,0,"3_months"
"SRR7351876",0.0001135,0.0012236,0,0.2793308,0.0006519,0.0017968,0,0,0.0020298,0,0,0.0017616,0,0,0.0002601,0.0001869,0,0,0.0089168,1.45e-05,0,0,0,0.0103729,0.0005309,0,0,0,0.0025,0,0,0,0,0.0146737,0.0100895,0.0067809,0.0048103,0.0024512,6.25e-05,0,0.3509841,0.0014359,0.0017283,0,0.0285387,0,0.0001766,0,0.0005759,0.0309069,0,0.0034572,0,0.0013297,0,0.0001148,0,0,0.0204401,0,0,0.0111582,0,0,0,0.0182862,0.0006707,0.0479267,0,0.0089099,0,0.022071,"3_months"
"SRR7351881",0,0,0,0,0,0,0,0.001307,0,0,0.0582074,0,0,0,0,0,0.0024607,0,0,0.0046735,0,0,0,0,0,0,4.6e-06,0,0.0076148,0,0.0001371,0,0,0,0,0,0.0127264,0,0,0.0001859,0,0.0187205,0,0,0,0,0,0,0,0.000117,0,0,0,0,0,0,0,0,0,0,0,0.870466,0,0,0,0,0,0,0,0,0,0,"At_Birth"
"SRR7351882",0,0,0,0,0,0,0,0,0,0,0,0,0,0,0,0,0,0,0,1.82e-05,0,0,0,0,0.0156616,0,0,0,0,0,0,0,0,0,0,0,0,0,0,0,0,0,0.0075455,0,0,0,0.0020627,0.0002243,0,0,0,0,0,0,0,0.0597146,0,0,0.7184688,0,0,0,0,0,0.0001076,0,0,0.0001784,0,0,0,0,"3_months"
"SRR7351884",0,0,0,0,0,0,0,0,0,0,0,0,0,0,0,0.3316008,0,0.0019743,0,0.0001811,0,0,0,0,0,0,0,0.1623853,0,0,0.0278624,0.0019323,0,0,0,0,0.4010936,0,0,0,0,0.046743,0,0,0,0,0,0,0,0.0126408,0,0,0,0,0,0,0,0,0,0,0.0078918,0,0,0,0,0,0,0,0,0,0,0,"At_Birth"
"SRR7351886",0,0,0,0,0,0,0,0,0,0,6.94e-05,0,0,0,0,0.0066061,0.0001113,0,0,0.0002557,0,0,0,0,0,0,0,0,0,0,0.1322086,0.0283193,0,0,0,0,0,0,0,0,0,0,0,0,0,0,0,0,0,0.0008829,0,0,0,0,0,0,0,0,0,0,0,0,0,0,0,0,0,0,0,0,0,0,"At_Birth"
"SRR7351890",0,0,0,0,0,0,0,0,0,0,0,0,0,0,0,0,0,0,0,7.21e-05,0,0,0,0,0,0,0,0,4.45e-05,0,0.0001444,0,0,0,0,0,0.0009934,0,0,0,0,0,0,0,0,0,0,0,0,0,0,0,0,0,0,0.0005687,0,0,0,0,0,0.7156279,0,0.276706,0,0,0,0,0.005843,0,0,0,"At_Birth"
"SRR7351891",0,0,0,0,0,0,0,0.0011821,0,0,0,0,0,0,0,0.0457459,0,0,0,0.0001904,0,0,0,0,0,0,0.4162354,0,0,0,0.0368827,0.0001657,0,0,0,0,0.0130762,0,0,0,0,0,0,0,0,0,0,0,0,0.4851636,0,0,0,0,0,0,0,0,0,0,0,0,0,0,0,0,0,0,0,0,0,0,"At_Birth"
"SRR7351892",0,0,0,0,0,0,0,0.0002902,0,0,4.32e-05,0,0,0,0,0.0120068,0,0,0,4.68e-05,0,0,0,0,0,0,0,0,0,0,0.0023193,0,0,0,0,0,0.0247803,0,0,0,0,2.38e-05,0,0,0,0,0,0,0,0.1104031,0,0,0,0,0,0,0,0,0,0,0,0.8121695,0,0,0,0,0,0,0.037917,0,0,0,"At_Birth"
"SRR7351893",0,0,0,0,0,0,0,0,0,0,0,0,0,0,0,0.3361548,0,0.0053727,0,0,0,0,0,0,0,0,0,0.4834322,0,0,0.0135008,0,0,0,0,0,0.0035919,0,0,0.0205069,0,0,0,0,0,0,0,0,0,0,0,0,0,0,0,0,0,0,0,0,0,0,0,0,0,0,0,0,0,0,0,0,"At_Birth"
"SRR7351894",0.9242922,0,0,0.0465139,0,0.0012946,0,0,0,0,0,0,0,0,0,0,0,0,0,0,0,0,0,0,0,0.0001333,0,0,0,0,0,0,0,0,0,0,0.0144042,0,0,0,0,0.000365,0,0,0,0,0,0,0,0,0,0,0,0,0,0.0006006,0,0.0027871,0.0025166,0,0,0.0008876,0,0,0,0,0,0,0,0.000853,0,0.0031056,"12_months"
"SRR7351897",0,0,0,0,0,0,0,0.0007446,0,0,0,0,0,0,0,0,0.0003189,0,0,0.0007715,0,0,0,0,0,0,0,0,0,0,0.0034444,0,0,0,0,0,0.0089564,0,0,0,0,0.0006344,0,0,0,0,0,0,0,0.0130873,0,0,0,0,0,0,0,0,0.0005169,6.53e-05,0,0.4965727,0,0.1568551,0,0,0,0,0.2800804,0,0.0262849,0,"At_Birth"
"SRR7351905",0,0,0,0.110024,0,0,0,0,0,0,0,0,0,0,0,0.0005401,4.6e-05,0,0,0,0,0,0,0,0.0142904,0,0,0,0.001147,0,0,0,0,0,0,0.0026638,0.0013235,0,0,0,0,3.84e-05,0.0029946,0,0,0,0.0272482,0.0009685,0.0006732,0.0010473,0.0003245,0,0,0,0,0.0003283,0,0,0,0,0,0.7769169,0,0,0,0,0,0,0,0,0,0,"3_months"
"SRR7351906",0,0,0,0,0,0,0,0,0,0,4.6e-06,0,0,0,0,0.0049836,0,0,0,2.54e-05,0,0,0,0,9.99e-05,0,2.01e-05,0,0,0,0,0,0,0,0,0,0.0018553,0,0,0,0,0.0001698,0,0,0,0,0,3.03e-05,0,0.0003216,0,0,0,0,0,0.0271007,0,0,2.14e-05,3.44e-05,0,0.0771281,0,0.5241976,0,0,0,0,0,0,0.3639663,0,"3_months"
"SRR7351921",0,0,0,0,0,0,0,2.13e-05,0,0,0,0,0,0,0,0.0067851,0,0.0029435,0,0.0002562,0,0,0,0,0,0,5.59e-05,0,0,0,0.0032975,0,0,0,0,0,0.0023923,0,0,0.0001223,0,0.0002969,0,0,0,0,0.0002524,0,0,0.0013154,0,0,0,0,0,0,0,0,0,0,0,0.9791618,0,0,0,0,0,0,0,0,0,0,"At_Birth"
"SRR7351922",0,0,0,0,0,0,0,0,0,0,0,0,0,0,0,0,0,0,0,0,0,0,0,0,0.3059588,0,0.0207629,0,0,0,0,0,0,0,0,0,0,0,0,0,0,0,0,0,0,0,0,0,0,0.6732783,0,0,0,0,0,0,0,0,0,0,0,0,0,0,0,0,0,0,0,0,0,0,"At_Birth"
"SRR7351923",0,0,0,0,0,0,0,0,0,0,0,0,0,0,0,0,0.002183,0,0,0.0015174,0,0,0,0,0,0,0,0,0,0,0.6086958,0,0,0,0,0,0,0,0,0,0,0.0206935,0,0,0,0,0,0,0,0.0031401,0,0,0,0,0,0,0,0,0,0,0.0001431,0,0,0,0,0,0,0,0,0,0,0,"At_Birth"
"SRR7351925",0,0,0,0,0,0,0,0.0002475,0,0,0.0013254,0,0,0,0,0,0,0.0237481,0,6.79e-05,0,0,0,0,0,0,0,3.56e-05,0,0,0.2646417,0.0130286,0,0,0,0,1.11e-05,0,0,0.4235575,0,0.1207367,0,0,0,0,0,0,0,0.0003692,0,0,0,0,0,0,0,0,0,0,0.0239151,0,0,0,0,0,0,0,0,0,0,0,"At_Birth"
"SRR7351932",0,0,0,0,0,0,0,0,0,0,0,0,0,0,0,0.0025477,0,0,0,0,0,0,0,0,0.1031002,0,0.0106392,0,0,0,0,0,0,0,0,0.0022592,0,0,0,0,0,0,0.0282458,0,0,0,0.0292932,0,0.0001991,0.0362153,0,0,0,0,0,0,0,0,0,0,0,0.7865783,0,0,0,0,0,0,0,0,0,0,"3_months"
"SRR7351934",0,0.0613997,0,0.3010309,3.86e-05,0,0,0,0,0,0,0,0,0,0.0004154,0,5.52e-05,0,0,0.0014578,0,0.0012838,0.0022268,0,0,0,0.3415533,0,0,0.0004194,0,0,0,0,0.0847858,0,0,0,0,0,0,0.0012553,0,0.0001967,0,0,0,0,0,0.124548,0.0001756,0,0,0,0,0,0,0,0,0,0.0114484,0,0.0001465,0,0,0,0,0.0243436,0,0,0,0,"12_months"
"SRR7351935",0.0007983,0.0219622,0,0.1918856,0,0,0.0012888,0,0.0072301,0,0,0.1227249,0,0,0,0,0,0,0,0,0,0,0,0,0,0,0,0,0.1938205,0,0,0,0.0069941,0,0.027077,0,0.0035,0,0,0,0.0126613,0.000177,0,0.0004713,0.0275379,0,0,0,0,0.0015875,6.89e-05,0.0003825,0,0.0003322,0,0,0,0.2119566,0,0,0,0,0,0,0,0.0010003,0.0016918,0.0150114,0,0,0,0.1241933,"12_months"
"SRR7351937",0,0,0,0,0,0,0,0,0,0,0,0,0,0,0,0.2096074,0,0,0,0,0,0,0,0,0,0,0.474925,0,0.0060012,0,0,0,0,0,0,0,0,0,0,0,0,0,0,0,0,0,0,0,0,0.033589,0,0,0,0,0,0.0317418,0,0,0,0,0,0.2199882,0,0.0002991,0,0,0,0,0.0136665,0,0,0,"At_Birth"
"SRR7351952",0,0,0,0,5.96e-05,0,0,0,0.036411,0,0,0,0,0,0,0,0,0,0,0,0,0,0,0,0,0,0,0.0389537,0.1921664,0,0,0,0,0,0.0022916,0.0012992,0,0,0,0,0,0,0.1162632,0,0,0,0,0.0003431,8.74e-05,0,0.0001712,0,0,0,0,0.1885297,0.0128916,0,1.3e-05,0,1.5e-05,0.342271,0,0,0,0,0,0.0016312,0,0,0,0.0460394,"3_months"
"SRR7351953",0,0,0,0,0,0,0,0,0,0,0,0,0,0,0,0.0025887,0,0,0,2.2e-06,0,0,0,0,0.0046705,0,0,0,0,0,0,0,0,0,0,0,3.12e-05,0,0,3.63e-05,0,0.0002106,0,0,0,0,0,0,0,0.0020942,5.81e-05,0,0,0.0024299,0,0.0097925,0,0,0.6199644,2.67e-05,0,0.0934327,0,0.252093,0,0,0,0,0,0,0,0,"3_months"
"SRR7351957",0.1108644,0,0,0.0204655,0.0001147,0,0.0040991,0,0,0.0038782,0,0.2410686,0.0461722,0.070784,3.17e-05,0,0,0,0,5.6e-06,0,0,0,0,0.0161899,0.0001578,0,0.0043638,0,2.26e-05,0,0,0,0.0005645,0.0046843,0.0046594,0.0002297,0,0,0,0.0075497,0,0.0193585,5.33e-05,0.0119254,0,0,0,0.000459,0.0145731,4.91e-05,0.0029377,0.0310684,0.0031442,0,0,0,0,0.0426255,0,0,0.2883528,0,0,0.0016108,0.0026975,0.0004991,0.002556,0,0,0,0.0052749,"12_months"
"SRR7351962",0.0013416,0,0,7.68e-05,0,8.7e-06,0,0,0.0014591,0,0,0,0,0.0037901,0.0004447,0,0,0,0.0001653,0,0,0,0,2.71e-05,0.0007468,0,0,0,0,0,0,0,0.0001449,0.0002223,0.0009077,0.0088453,2.48e-05,2e-06,0.0011011,0,0.000179,0.0002562,0,2.54e-05,0,0,0.0026603,0,0.0013904,0.0020722,0.0001275,7.31e-05,0,0.0004995,0,0,0,0.0267525,0,0,0,0.2076776,0,0.2387227,0.0053579,0,6.3e-05,0.0003569,0,0,0.3222772,0.0004139,"12_months"
"SRR7351965",0.1690594,0,0,0.0045891,0,0.0005966,0,0,0,0.0671575,0,0.035217,0.0495701,0.0228712,0,0,2.6e-06,0,0,0,0.0290468,0.0005387,0,0.0060395,0,4.68e-05,0,0,0.0461294,0.0003443,0,0,0,0.0014871,0.0044581,0.0073474,0.0011254,8.21e-05,0,0,0,0.0002039,0,0.0005236,0.242984,0,0,0,0.0025911,0.0011133,4.91e-05,0.0005799,0,0,0,0,0,0,0.0660552,0,0.0001076,0.0659294,0.0003072,0,0.0023503,0,0,0.0010068,0,0,0,0.000427,"12_months"
"SRR7351969",0.0158998,0,0.0087289,0.0007447,0,0,0.0065859,0,0,0.0004441,0,0.0054815,0,0,0,0,0,0,0,0,0,0,0,0.0005624,0.0001863,0,0.000188,0,0,0,0,0,0,0,9.18e-05,0.0025061,0.0004015,0,0,0,0,0,0,0.0003575,0.005153,0.002245,0,0.0005708,0.0006378,0.0003471,7.96e-05,0,0.0074533,0.0006854,0.0013562,0.067823,0,0.0090582,0.2287489,0,0,0.1321512,0,0,0,0,0,0,0.0488343,0,0.4487129,0,"12_months"
"SRR7351970",0.1439881,0,0,0.0227279,0,0.0005191,0,0,0.0006392,0,0,0.0429066,0.0009917,0,0,0,0,0,0,0,0,0,0,0.0019596,0,0,0.0154246,0,0.005929,0,0,0,0.0007925,1.95e-05,0.0006746,0.0150915,0.0010959,0.001656,0.0013053,0,2.79e-05,0.0003661,0.0059055,0,0.0278878,0,0.0003934,0,0.0022535,0,0,0,0,0.0006866,0,0,0,0,0,0,0,0.0637783,0,0.3849629,0,0,0,0.000568,0,0,0.21406,0.002331,"12_months"
"SRR7351971",0.228847,0,0,0.3002412,0.0008528,0,0.0091072,0,0.0005833,0,0,0.2340391,0,8.28e-05,0,0,0.0004912,0,0.0298513,0.0001767,0,0.0002049,0,0.0106011,0.013313,0,0,0,0,0,0,0,0,0,0.0004955,0.0110966,0.0081669,0.0001191,0,0,0.000167,0.0027208,0,4e-04,0.0106824,0,0,0,0.0010355,0.0029807,0.0002503,0,0,0.0066982,0,0,0,0,0.077029,0,0,0.0222648,0,0,0,0,0,0.0035108,0,0,0,0.0179826,"12_months"
"SRR7351972",0.2916625,0.0007703,0.000951,0.0224462,0,0,0,0,0,0,0,0,0,0.0961804,1.88e-05,0,9.2e-05,0,0,0.0003381,0,4.8e-05,0,0,0,0.0001063,0,0,0.0010621,0,0,0,0,0,6.18e-05,0.0039656,0.0065563,0,0,0,0,0.0012003,0,0.0020846,0,0.0492093,0,0.0003837,0.0003891,7.48e-05,0.0001526,0.0027609,0,0,0,0.1077317,0,0,0.0817216,0,0,0,0.0002446,0.0792747,0.033623,0,0,0.0040829,0,0,0,0.0009639,"12_months"
"SRR7351973",0.2979323,0,0.0537841,0.0170858,0.0001695,0,0.0306207,0,0,0.0645864,0,0.0910499,0.0002015,0,0,0,0,0,0,0.0001415,0.0295447,3.67e-05,8.49e-05,0,0.1127167,1.46e-05,0,0,0,0,0,0,0,0,0.0016282,0,0.0033086,0,0,0,0,0.0001615,0,0.0005024,0.0634377,0,0,0,0,0.0619508,0,0.0013768,0.1193314,0,0,0,0,0,0,0,0.0025857,0.0247199,7.04e-05,0,0,0,0,0.0058784,0,0,0,0.00445,"12_months"
"SRR7351988",0,0,0.0412601,0.1494678,6.13e-05,2.69e-05,0,0,0.0016842,0,0,0.1042074,0.0496633,0,0,0.0006585,0,0,0.030221,0.0002095,0.0239959,0.0020062,5.83e-05,0.0021547,0.0464627,0.0069794,0,0.0001587,0.0296999,0.0009129,0,0,0.0009382,0.0003652,0.0054575,0.0041834,0.0024393,0.0008599,0.0004384,0,0,0.0001524,0.0224962,4.71e-05,0.1129907,0.0084798,0.0113822,0,0.0009657,0.0188135,6.01e-05,0.0035514,0,0.0031549,0.0409882,0,0.000184,0.0003484,0.0084457,0,0.0028176,0.083864,0.0004327,0,0,0,0.0026732,0.0017829,0.0188004,0.0015839,0,0.0131142,"12_months"
"SRR7351990",0,0,0,0.255089,2.92e-05,0.0001616,0,0,0.0003116,0,0,0,0.0081106,0,0,0,0,0,0,0,0,0,0,0,0.1063067,0.0051631,0,0.0008176,0.0134062,0,0,0,0,0.0002764,0.0015283,0.0168162,0,0,0.0002575,0,0.0011481,0,0.0179704,0.0001817,0,0,0,0.0002803,0.001687,0,0,0.0011624,0,0,0,0.085911,0,0.0606035,0,0,0,0.1651375,0,0,0.0017088,0,0,0.0012932,0,0,0,0.0156905,"12_months"
"SRR7351991",0,0,0,0,0,0,0,0,0,0,0,0,0,0,0,0.0061375,0.0004066,0,0,0,0,0,0,0,0,0,0,8.77e-05,0,0,0,0,0,0,0,0,0.1520128,0,0,0.0108984,0,0.0248968,0,0,0,0,0,0,0,0,0,0,0,0,0,0,0,0,0,0,0,0,0,0,0,0,0,0,0,0,0,0,"At_Birth"
"SRR7351994",0,0,0,0,0,0,0,0.0026287,0,0,0.0170092,0,0,0,0,0.2972925,0.0002286,0.0111929,0,0.0006839,0,0,0,0,0,0,0,0,0,0,0.0317339,0.0018523,0,0.2997863,0,0,0.1255255,0,0,0,0,0.1329143,0,0,0,0,0,0,0,0.000286,0,0.0249771,0,0,0,0,0,0,4.98e-05,0,0.0001709,3.69e-05,0.0068962,0,0.0091001,0,0,0,0,0,0,0,"At_Birth"
"SRR7351996",0.1760317,0.001072,0.0001147,0.016303,0.0001819,0,0,0.0002336,0,0.0187056,0,0.0312902,0,0.0659248,0,0,0,0,0.0050102,0.0005011,0.083529,0.0004143,0,0.0523267,0.0685109,0,0,0,0.0618052,0.0003067,0,0,0,0.0008938,0.0052327,0.0039199,0.0001442,0.0004664,0.0003342,0,0.000579,0.0008232,0.0078348,2.26e-05,0.0669898,0.002682,0,1.11e-05,0.0006697,0.0035516,9.54e-05,0.003801,0.0598923,0.0014981,0,0.0067209,0,0.0130512,0,0,0.0004342,0.067597,0,0,0,0,0.0003063,0.0039233,0,0.0002144,0.0592945,0.0128433,"12_months"
"SRR7351997",0,0,0,0,0,0,0,0.0003874,0,0,0,0,0,0,0,0,1.32e-05,0,0,0.0003253,0,0,0,0,0,0,0.0015728,0,0.3878097,0,0.0018432,0,0,0,0,0.0127144,0.0187601,0,0,0,0,6.6e-06,0.0139752,0,0,0,0,0,0.0009955,0.531321,0,0,0,0,0,0,0,0,0,0,0,0,0,4.74e-05,0,0,0,0,0,0,0,0,"At_Birth"
"SRR7351998",0,0,0,0,0,0,0,0.0001477,0,0,0,0,0,0,0,0.0006704,0,0,0,4.2e-05,0,0,0,0,0,0,0,0,0,0,0.0159913,0.0003627,0,0,0,0,0.0004644,0,0,0,0,0,0,0,0,0,0,0,0,0,0,0,0,0,0,0,0,0,8.4e-06,0,0,0,0,0.9265388,0,0,0,0,0,0,0,0,"At_Birth"
"SRR7351999",0.0094597,0,0,0.0236359,0,0,0,0,0,0,0.0002278,0,0,0,0,0,0,0,0,0,0,0,0,0,0,0,0,0.0029373,0,0,0,0,0,0,0,0,0.000748,0,0,0,0,0,0,0,0,0,0,0.000725,0,0.0107455,0.0004178,0.0001373,0,0,0,0.1284191,0,0,0.5344439,0,0,0,0,0.2230302,0,0,0,0.056486,0,0,0,0,"3_months"
"SRR7352000",0.2130855,0.0019586,0,0.014983,0,0,0,0,0.0001842,0.000688,0,0.0343793,0.000222,0.0141326,0,0.0001652,0,0,0.0040527,0,0,0,0,0,0,0,0.0081771,0,0.0051497,0,0,0,0,0.0007224,0.0020736,0.005016,0,0,0,0,0.0001792,0.0011187,0.0006362,0.0005004,0.0352224,0,0.0009128,9.17e-05,0.0010361,0,0.000299,0.0014494,0.0500392,0.0002885,0,0.048414,0,0,0,0,0,0.0861368,0,0.0875871,9.05e-05,0,0,0.0026972,0.2985697,0.001939,0,0.0018797,"12_months"
"SRR7352001",0.1161608,0,0.0125156,0.0824654,0.0001639,0,0.0410698,0,9.61e-05,0,0,0.0638585,0.0204112,0,5.5e-06,0,0,0,0,0.0001352,0.0075301,7.41e-05,0,0,0,3.69e-05,0.0386232,0,0,0,0,0,0.0001424,0.0010861,0.0039387,0.0032296,0.0005392,0,0,0,0,0.0006474,0,0.0008575,0.0779013,0,0,0.0002273,0.0003024,0.0052557,0,0.0053855,0.0749888,0.0016915,0.0432347,0.064564,0,0,0.0100608,0,0,0.2578296,0,0,0,0.00256,0.0003243,0.0003322,0,0.0010494,0,0.0106936,"12_months"
"SRR7352004",0,0,0,0,0,0,0,0,0,0,4.01e-05,0,0,0,0,0,0.0001957,0,0,0,0,0,0,0,0,0,0.0330129,0.0004954,0,0,0.0034949,0,0,0,0,0,0.0117161,0,0,0,0,0.0024953,0,0,0,0,0,0.0010918,0,0,0,0,0,0,0,0.2337713,0,0,0.6899427,0,0,0,0,2.08e-05,0,0,0,0.0008703,0,0,0,0,"At_Birth"
"SRR7352007",0,0.0022969,0,0.0666245,0,0.0060667,0,0,0.0003035,0,0,0,0,0.0095562,7.05e-05,0,0,0,0.0003365,0,0,0,0,0.0151413,0,0,0.0024558,0,0.0021464,0,0,0,0.0003867,0.0008745,0.0002367,0.014429,0,8.28e-05,0,0,0,0,0,7.23e-05,0.0026337,0,0,0,0.0014824,5.47e-05,0,0.004333,0,0.0019803,0.0359644,0,0,0,0.0442511,2.47e-05,0,0.7454208,0,0,0,0.0019737,0.0027862,0.0070617,0,0,0,0.0081694,"12_months"
"SRR7352009",0,0,0,0.0317997,0,0,0,0.0037917,0,0,0.0008019,0,0,0,0,0,0.0028607,0.0017348,0,0.0027969,0,0,0,0,0,0,0,0.0088074,0,0,0.0183269,0,0,0,0,0,0.0012156,0,0,0,0,0,0,0,0,0,0,0,0,0.0024817,0,0,0,0,0,0,0,0,0,0,0.0039874,0.5202781,0,0,0,0,0,0.2873263,0,0,0,0,"At_Birth"
"SRR7352010",0,0,0,0,0,0,0,0,0,0,0.0164938,0,0,0,0,0.5161832,0,0,0,0.000756,0,0,0,0,0,0,0,0.0167235,0,9.9e-06,0.0006824,0.0004404,0,0,0,0,0.0285713,0,0,0.000129,0.0003419,0,0,0,0,0,0,0,0,0,0,0,0,0,0,0,0,0,0,0,9.26e-05,0,0,0,0.2943462,0,0,0,0,0,0,0,"At_Birth"
"SRR7352015",0,0,0,0,0,0,0,0,0,0,0,0,0,0,0,0,0.0049186,0,0,0,0,0,0,0,0,0,0,0,0.6226937,0,0.000684,0,0,0,0,0,0,0,0,0,0,0.0152316,0,0,0,0,0,0.0001224,0,0.0002439,0,0,0,0,0,0.0583854,0,0,0,0,0,0,0,0,0,0,0,0.0298072,0,0,0,0,"At_Birth"
"SRR7352017",0.2418681,3.74e-05,0,0.1432845,0.0001753,3.78e-05,0,0.0002986,0,0,0,0.1634658,0,0,0,4.63e-05,0.0003231,0,0.0019922,0.0014109,0,4.71e-05,0.0002807,0.0324481,0,0,0,0.0009452,0.0021397,6.47e-05,0,0,0,0,0.0001008,0.008405,0.0059441,0,0,0,0.0024845,0.0035946,0,0.0006096,0.0010375,0.0011925,0,0,0.0012065,0,0.000257,0.0062073,0,0.0001248,5.7e-06,0,0,0,0.0927514,0,0,0.2293144,0,0,0,0,0,0.0040383,0.0001437,0.0166807,0,0.0259221,"12_months"
"SRR7352019",0.0999105,0.0001359,0.0001384,0.0885853,0.0001652,0.0033048,0.0088174,0,0.000118,0,0,0,0.0249325,0,0,0,1.32e-05,0,0.0096867,0.0003683,0,0,0.0002092,0.0069443,0.002706,0,0,0,0,0,0,0,0,0.0001325,0.0050592,0.010797,0.0046731,0,0.0002179,0,0.0243154,0.000163,0.0055616,2.21e-05,0.0167815,0,0.0054559,0,0.0019461,0.0030149,0.000159,0.0004482,0,0.0015595,0.1422264,0,0,0.2731553,0,0,0,0.2071844,0,0,0,0,0.0018277,0.0069978,0,0,0,0.0123327,"12_months"
"SRR7352020",0.0120286,0.0006434,0.0005377,0.0010578,0,0,0,0,0,0,0,0,5.4e-06,0.0023467,0,0,0,0,0.0001232,0,0.0001028,0,0,0,0,0,0.0002192,0,9.42e-05,0,0,0,0,0,0,0.0185275,0.0001265,0,0,0,0.0073093,0.0003351,0,0,0.015714,0,0,0,0.0021432,0.0001825,0,0,0,0.0007388,0,0,0,0.0033999,0,0,0,0.0497727,0,0.4009389,0.0272825,0,0,0.0019212,0,0,0.4493887,0,"12_months"
"SRR7352022",0,0,0,0,1.71e-05,0,0,0.0011378,0,0,0,0,0,0,0,0,0,0,0,0,0,0,0,0,0,0,0.1688658,0,0,0,0.0028234,4.08e-05,0,0,0,0,0,0,0,0,0,0,0,0,0,0,0,9.3e-06,0,0.0036415,0,0,0,0,0,0.0049629,0,0,7.73e-05,0,0,0.2788841,0,0.3575355,0,0,0,0,0.0162805,0,0,0,"At_Birth"
"SRR7352026",0,0,0,0,0,0,0,0,0,0,0,0,0,0,0,0.0013273,0,3e-04,0,0,0,0,0,0,0,0,0.5512968,0,0,0,0,0,0,0,0,0,0,0,0,0,0,0,0,0,0,0,0,0.0002215,0,0.0687463,0,0.0028001,0,0,0,0.075162,0,0.0094244,0,0,0,0.1804629,0,0,0,0,0,0,0.0069092,0,0,0,"At_Birth"
"SRR7352035",0,0,0,0,0,0,0,0,0,0,0,0,0,0,0,0,0,6.53e-05,0,0,0,0,0,0,0,0,0,0,0,0,0,0,0,0,0,0,0,0,0,0,0.001114,0,0,0,0,0,0,0,0,0.9980734,0,0,0,0,0,0,0,0,0,0,0,0,0,0,0,0,0,0,0,0,0,0,"3_months"
"SRR7352036",0,0,0,0.029479,0,0,0,0,0,0,6.5e-06,0,0,0,0,0.0015915,0,0,0,2.41e-05,0,0,0,0,0,0,0.0012766,0.0096631,0,0,0,0,0,0,0.0003521,0,0,0,0,0,1.82e-05,0.0001665,0,0,0,0,0,4.69e-05,0.0026153,0.0062578,0,0.001032,0,0.0025135,0,0.0731134,0,0,0,1.35e-05,0,0.2314219,0,0.2225776,0,0,0,0.003114,0.3859046,0,0,0.0007525,"3_months"
"SRR7352039",0,0,0,0,0,0,0,0,0,0,0,0,0,0,0,0.3081555,0,0,0,0,0,0,0,0,0,0,0,0,0,0,0,0,0,0,0,0,0,0,0,0,0,0,0,0,0,0,0,0,0,0.6621272,0,0,0,0,0,0,0,0,0,0,0,0,0,0,0,0,0,0,0,0,0,0,"At_Birth"
"SRR7352040",0,0,0,0,0,0,0,0.0006338,0,0,0,0,0,0,0,0,0.0001381,0,0,0.0004943,0,0,0,0,0,0,0,0,0,0,0.0529671,0.0273034,0,0,0,0,0.005558,0,0,0,0,0.0060754,0,0,0,0,0,0,0,0,0,0,0,0,0,0,0.0155118,0,0,1.52e-05,0,0.5619638,0,0,0,0,0,0,0,0,0,0,"At_Birth"
"SRR7352041",0,0,0,0,0,0,0,0,0,0,0,0,0,0,0,0,0.0496681,0,0,0.0146412,0,0.1210493,0,0,0,0.0100647,0,0.0012218,0,0.0571346,0,0,0,0,0,0,0.2352598,0,0,0,0.2409282,0.0307365,0,0,0,0,0,0,0,0,0.0026696,0.007138,0,0,0,0,0,0,0,0,0.1966773,0,0.0035273,0,0,0,0,0,0,0,0,0,"12_months"
"SRR7352043",0.0034038,0,0.0148096,0.0083879,0,0,0,0,0,0,0,0.0154717,0,0.0351339,0,0,0,0,0,0.0001436,0,0,0,0.0084993,0.0002128,0,0.0006489,0.001959,0.0006726,1.99e-05,0,0,0,0,0.0008424,0.002313,0.0065105,0.0003043,0,5.91e-05,0,0.0017192,0.0001738,0.0001199,0.0035007,0.0022897,0,0,0.0003922,0.0013545,0.0002922,0.0007594,0.0850937,0,0,0,0,0,0.4372914,2.02e-05,0.0002687,0.1733861,0,0,0,0,0,0.0009628,0,0,0.1631452,0.0018341,"12_months"
"SRR7352044",0.1527704,0,0,0,0,0,0.0051038,0,0,0.0002407,0,0.0902555,0.0007121,0,0,0,0.0002126,0,0,0,0.0179891,0,0,0,0.00163,0,0.0113286,0,0,0,0,0,0,0,0.0011111,0.0024262,0,0,0,0,0,0,0.0003107,0,0.0419319,0.0041663,0.0003239,0,0.0001313,0,0,0,0.007587,0,0.0001189,0,0,0,0.0053528,0,0,0.0793929,0,0.0003159,0,0,0,4.39e-05,0.1197021,0,0,0,"12_months"
"SRR7352048",0,0,0,0,0,0,0,0,0,0,0,0,0,0,0,0,0,0,0,0,0,0,0,0,0.0115842,0,0,0,0,0,0,0,0,0,0,0.0016125,4.08e-05,0,0,0,0,1.62e-05,0,0,0,0,0,0,0.0001724,0.0007403,0,0,0,0,0,0,0,0,3.13e-05,0,0,0.3020818,0,0.5929577,0,0,0,0,0,0,0,0,"3_months"
"SRR7352049",0.01356,0,0,0.0078325,0,0,0,0,0,0.0012367,0,0.1436636,0,0.0062074,4.92e-05,0,0,0,0,0.0001873,0.000316,0.0001661,0,0,0,0.0008022,0,0.0060159,0,0.000261,0,0,0,0.0002691,0.0011706,0,0.0010105,0.0031808,0,0,0,0.0003614,0,0,0.0298753,0,0,0,0,0,0,0.0001117,0.0315048,0,0,0,0,0,0,0,0,0.3459922,0,0.3852822,0.0037188,0,0,0.001129,0,0,0,0.0007988,"12_months"
"SRR7352050",0,0,0,0,0,0,0,0,0,0,0,0,0,0,0,0.0012666,0,0,0,0.0007689,0,0,0,0,0,0,0.1016461,0,0.0020113,0,0,0,0,0,0,0.0006282,0.0006976,0,0,0,3.39e-05,0.0005052,0.0052493,0,0,0,0,0,1.2e-05,0.1017106,0,0,0,0,0,0,9.83e-05,0,0,0,0,0.7782301,0,6.3e-06,0,0,0,0,0,0,0,0,"3_months"
"SRR7352051",0,0,0,0,0,0,0,0.0004001,0,0,0,0,0,0,0,3.4e-05,4.82e-05,0,0,0.0034519,0,0,0,0,0,0,0,0,0,0,9.02e-05,0,0,0,0,0,0,0,0,0,0,0.000267,0,0,0,0,0,6.43e-05,0,0.0172126,0,0,0,0,0,0.0243781,0,0,0.0001198,0,0,0.2207796,0,0.7312756,0,0,0,0,1.59e-05,0,0,0,"3_months"
"SRR7352056",0.005822,0,0,0.3798538,0,0,0,0,0,0,0,0,0,0,0,0,0,0,0,9.53e-05,0,0,0,0.0520119,0.0351458,0,0,0.0338132,0.0371132,0,0,0,0,0.0005349,0.0147631,0.0167923,0.0006339,0.0040764,0.0010384,0,0.0208686,4.57e-05,0,0,0,0,0,0,0.0016994,0.0263332,2.59e-05,0.0007761,0,0.0517309,0,0,0,0,0.1038995,0,0,0.035013,0,0,0,0,0,0.0580887,0,0.0031529,0,0.0153377,"12_months"
"SRR7352058",0,3.3e-06,0,0,0,0,0,0,0,0,0,0,0,0,0,0.0004528,0,0,0,0,0,0,0,0.0040901,0,0,0,0,0,0,0,0,0,0,0,0.0164625,0,0,0.0362312,0,0,2.38e-05,0,0,0,0,0,0,0.0171892,0.0156162,0,0,0,0.0171599,0,0,0,0,0.1216064,0,0,0.0862786,0,0.6476405,0,0,0,6.94e-05,0,0,0,0.0003138,"3_months"
"SRR7352063",0,0,0,0,0,0,0,0.000111,0,0,0,0,0,0,0,0.9226502,0.0001478,0,0,6.06e-05,0,0,0,0,0,0,0,0,0,0,0.0522981,0.0050622,0,0,0,0,0.0049594,0,0,0,0,0.0002133,0,0,0,0,0,0,0,0,0,0,0,0,0,0,0,0,0,0,0,0,0,0,0,0,0,0,0,0,0,0,"At_Birth"
"SRR7352064",0,0,0,0,0,0,0,0,0,0,0.0007805,0,0,0,0,0,7.98e-05,0,0,0,0,0,0,0,0,0,0,0,0,0,0.0051156,0,0,0,0,0,0.001758,0,0,0,0,0,0,0,0,0,0,0,0,0.0001723,0,0.0001358,0,0,0,0,0,0,0.9912735,2.81e-05,0,0,0,0,0,0,0,0,0,0,0,0,"At_Birth"
"SRR7352066",0,0,0,0,0,0,0,0,0,0,0,0,0,0,0,0.0089538,0,0,0,0,0,0,0,0,0,0,0,0.0001407,0,0,0,0,0,0,0,0,0.0002801,0,0,0,0,0.000473,0,0,0,0,0,0,0,0.0135478,0,0,0,0.002476,0,0,0,0,2.82e-05,0,0,0.3686502,4.18e-05,0.5913271,0.011202,0,0,0,0,0,0,0.0006895,"3_months"
"SRR7352070",0,0,0,0,0,0,0,0,0,0,0,0,0,0,0,0.1896437,0.0009755,0,0,0.0007519,0,0,0,0,0,0,0,0,0,0,0.0018167,0.0040971,0,0,0,0,0,0,0,0,0,0.00194,0,0,0,0,0,0,0,0.0003616,0,0.0043699,0,0,0,0,0,0,0.7788748,2.07e-05,0,0,0,0,0,0,0,0,0,0,0,0,"At_Birth"
"SRR7352071",0,0,0,0,0,0,0,0,0,0,0,0,0,0,0,0,0,0,0,0,0,0,0,0,0,0,0,0,0,0,0,0,0,0,0,0,0,0,0,0,0,0.0065684,0,0,0,0,0,0,0,0.0005241,0,0,0,0,0,0,0,0,0.9924025,2.32e-05,0,0.0001047,0,0,0,0,0,0,0,0,0,0,"At_Birth"
"SRR7352073",0.1155586,0,0.0016233,0.0448272,0.000429,0.0008227,0,0,0,0,3.4e-06,0,0.1323467,0.0266373,0.0190049,0,0,0,0,0.0003004,0,0,1.57e-05,0,0,0.0002157,0,0,0,0,0,0,0,0.0010509,0.0025279,0.0184243,0.0034989,0,0,0,0.0739573,0,0,0.0002694,0.0032948,0,0.0015866,0,0.0017985,0,7.49e-05,0.0017841,0.0512939,0,0,0,0,0,0,0,0,0.2231938,0.0002022,0,0.005407,0.0097463,0,0.0342134,0.2004229,0.0016386,0,0.0028471,"12_months"
"SRR7352075",0,0,0,0,0,0,0,0.0012583,0,0,0.0004264,0,0,0,0,0,9.02e-05,0.0031698,0,0,0,0,0,0,0,0,0,0,0,0,0.0032333,6.16e-05,0,0,0,0,0.0038025,0,0,0,0,0.0025656,0,0,0,0,0,0,0,6.13e-05,0,0,0,0,0,0,0,0,0.8566142,0,0,0.0071392,0,0.0886575,0,0,0,0,0.0308675,0,0,0,"At_Birth"
"SRR7352097",0,0,0,0,0,0,0,0,0,0,0,0,0,0,0,0,0,0.0005369,0,0,0,0,0,0,0,0,0,0,0,0,0.0017913,0,0,0,0,0,0,0,0,0.0032565,0,0.0001876,0,0,0,0,0,0,0,2.13e-05,0,0,0,0,0,0,0,0,0.8474605,0,0,0.0238603,0,0.1225689,0,0,0,0,0.0003168,0,0,0,"At_Birth"
"SRR7352098",0,0,0,0,0,0,0,0.0002646,0,0,0.3315872,0,0,0,0,0,7.08e-05,0,0,0.0044898,0,0,0,0,0,0.0014932,0,0.0588315,0,0,0.0193656,0,0,0,0,0,0.0008721,0,0,0.2692002,0,0.2466132,0,0,0,0,0,0,0,0.001119,0,0,0,0,0,0,0,0,0,0,0.0003765,0,0,0,0,0,0,0,0,0,0,0,"At_Birth"
"SRR7352100",0.0616222,0.0007132,0,0.2502895,0.0002103,0,0,0,0,0,0,0.0108007,0,0,0,0,0,0,0,0.00011,0,0,5.17e-05,0,0,0,0.0626985,5.06e-05,0,0,0,0,0,0.0007512,0.0029372,0.0079264,0,0,0,0,0,0,0,8.78e-05,0.0026445,0,0,0,0.0009405,0.0252669,0,0,0,0.0003528,0,0,0,0,0.040116,0,0,0.0542836,0,0,0,0,3.2e-06,0.0009456,0,0,0,0.3636535,"12_months"
"SRR7352101",0.0872075,0,0,0.0148727,0.000332,0,0,0,0,0.0032816,0,0.1638283,0,0,0,0,0,0,0,0.0005615,0,0,0.0003324,0,0,0,0.0224394,0,0.0177604,0,0,0,0,0,0.0016835,0.0064743,0.0005458,0,0,0,0.0053144,0.0002978,0,0.0006755,0.0202135,0,0,0.0001274,0.0005814,0,7.5e-06,0.0011762,0.0525094,0.0055055,0.0466326,0.0985492,0,0.0710838,0.0141399,0,0,0.011547,0,0.0502536,0,9.68e-05,0,0.0020836,0,0,0,0.0058561,"12_months"
"SRR7352102",0.1656024,0,0,0.1507764,0,0.0113901,0.0051069,0,0.0005699,0.0001677,0,0.0984578,0.0007164,0,0,0,0,0,0,0,0.0095182,0.0001119,0.0006107,0.0101698,0,0,0,0,0.0233195,0,0,0,0.0033104,0.0032537,0.0048315,0.0043638,0.0048524,0.0009491,0.0016002,0,0,0.0002547,0.0082604,0,0.1014587,0.0044316,0,0,0.002017,0,0,0.0050745,0.0971763,0.0018482,0.0954251,0,0.0007136,0.0099219,0.0001128,0,0,0.0550661,0,0,0,0,0,0.0009717,0,0.0046533,0.0350436,0.0095378,"12_months"
"SRR7411251",0,0,0,0.0939836,3.35e-05,0,0,0,0,0,0,0,0,0,2.35e-05,0,0,0,0,7.69e-05,0,0,0,0.0100921,0,0,0,0.0020428,0.001074,0,0,0,0,0,0,0.0052925,0.000169,0,0,0.0003537,0,1.03e-05,0,0.0002443,0,0,0,0,0.000492,0.0104411,0.0003315,2.7e-05,0,0,0,0,0,0,0.3996351,5.68e-05,0,0.3479428,0,0,0,0,0,0.0031139,0.1134102,0,5.8e-06,0,"3_months"
"SRR7411252",0,0,0,0,0,0,0,0,0,0,7.49e-05,0,0,0,0,0,8.59e-05,0,0,7.49e-05,0,7.94e-05,0,0,0,0,0,0,0,0,0,0,0,0,0.0015838,0,0.0031069,0,0,0,0,0,0,0,0,0,0,0,0,0.1925978,0,0,0,0,0,0,0,0,3.2e-06,0,0.0007521,0,0,0,0,0,0,0,0,0,0,0.7064192,"3_months"
"SRR7411253",0,0,0,0.0360149,0,0,0,0,0,0,0,0,0,0,0,0,0,0,0,0.0001714,0,0,0,0,0.0099966,0,0,0,0.002889,0,0,0,0,0,0,0.0003792,0.0016822,0,0,0,0,0,0,0,0,0,0,0.0002184,9.3e-06,0.0462754,0.0003552,0,0,0,0,0.049641,0,0,0.0888477,2.53e-05,0,0.4691183,0,0,0,0,0,0,0.0002127,0,0,0,"3_months"
"SRR7411255",0,0,0,0,0,0,0,0,0,0,0,0,0,0,0,0.0010554,0,0,0,2.48e-05,0,0,0,0,0,0,0.0044171,0,0,0,0,0,0,0,0,0.002543,0,0,0,0,0,0,0,0,0,0,0,0.000179,0.0001673,0.0001365,0,0,0,0,0,0.038172,0,0,0.3143654,0,0,0.3311275,0,0,0,0,0,0,0.2866235,0,0,1.22e-05,"3_months"
"SRR7411257",0,0,0,0,0,0,0,6.07e-05,0,0,0.0178726,0,0,0,0,0,0,0,0,0.0038853,0,0,0,0,0,0,0,0,0,0,0,0,0,0,0,0,0,0,0,0,5.68e-05,0.0005582,0,0,0,0,0,0,0,0.6288362,0,0,0,0,0,0,0,0,0,0,0,8.3e-06,0.0009461,0,0,0,0,0,0,0,0,0,"3_months"
"SRR7411261",0,0,0,0,0,0,0,0.0012261,0,0,0.0061952,0,0,0,0,0.3163547,0.0012861,0.00812,0,6.32e-05,0,0.0268512,0,0,0,0.0109169,0,0.0958182,0,0.0068634,0.2294441,0,0,0,0,0,0.2476803,0,0,0.0008844,0,0.0001776,0,0,0,0,0,0,0,1.86e-05,0,0,0,0,0,0,0,0,0,0,0.0299374,3.81e-05,0,0,0,0,0,0,0,0,0,0,"At_Birth"
"SRR7411267",0,0,0,0.0188524,0,1.81e-05,0,0,0,0,7.6e-06,0,0,0,0,0.0078787,0,0,0,0.0011479,0,0,0,0,0,0.0029584,0,0.0001089,0,0,0,0,0,0,0.0066248,0.000785,0,0,0,0,9.46e-05,9.36e-05,0,0,0,0,0,0,5.45e-05,0.1110617,0,0,0,0,0,0,0,0,0.5069953,0,0,0.3292819,0.0001534,0,0,0,0,0,0,0,0,0.0001834,"3_months"
"SRR7411269",0,0,0,0,0,0,0,0.0010781,0,0,0,0,0,0,0,0,8.27e-05,0.0017751,0,0.000635,0,0,0,0,0,0,0,0,0.0220285,0,0.0865588,0.0024574,0,0,0,0.0045307,0.0509417,0,0,0.0086454,0,0.0047671,0,0,0,0,0,0.0009638,0.0004788,0,0,0,0,0,0,0.3883388,0,0,0,0,0,0,0,0,0,0,0,0,0,0,0,0,"At_Birth"
"SRR7411270",0.0162142,1.39e-05,0.0281615,0.0016167,0,0,0.0338942,0,0,0.0018206,0,0.1824824,0.0009723,0.0614608,9.12e-05,0,0,0,0,0.0005282,0.0021487,0.0009388,0,0,0.000299,0.0016876,0.0299335,0,0,0.000262,0,0,0,0,0.0025297,0.0034841,0.0167154,0,0,0,0.0148795,0.0016563,0.0013993,0.001138,0.0263995,0.0114341,0.0025826,0,0.0002632,0.0019302,0.0001132,0.0028554,0.0721001,0.0014892,0.0230847,0,0.0002573,0.0026996,0.0002554,4.16e-05,0,0.1101735,0,0,0,0,0,0.0012925,0,0,0.1458464,0.0047817,"12_months"
"SRR7411271",0,0,0,0,0,0,0,0.0004557,0,0,0.0019706,0,0,0,0,0,0,0.0003612,0,0.0047161,0,0.0061885,0,0,0,0,0,3.18e-05,0,0.0024672,0.0264577,0,0,0,0,0,0.0358135,0,0,0,0,0,0,0,0,0,0,0,0,0,0,0,0,0,0,0,0,0,0.8319102,5.06e-05,1.5e-05,0,0,0.0889183,3.48e-05,0,0,0,0,0,0,0,"At_Birth"
"SRR7411273",0,0,0,0,0,0,0,0.0006648,0,0,0.0004423,0,0,0,0,0,7.97e-05,0,0,7.04e-05,0,0,0,0,0,0,0.0001724,0,0,0,0.0227745,0,0,0,0,0,0.7722712,0,0,0.0027447,0,0.1056429,0,0,0,0,0,0,0,0,0,0,0,0,0,0,0,0,0,0,0,0.0008738,0,0,0,0,0,0,0,0,0,0,"At_Birth"
"SRR7411275",0,0,0,0,0,0,0,0.0009864,0,0,0.0042652,0,0,0,0,0,0,0,0,0.0026972,0,0,0,0,0,0,0,0,0,0,0.0572309,0,0,0,0,0,0.0032878,0,0,0,0,0.0099364,0,0,0,0,0,0,0,0.9171227,0,0,0,0,0,0,0,0,0,0,0,0,0,0,0,0,0,0,0,0,0,0,"At_Birth"
"SRR7411276",0,0,0,0,0,0,0,0.0004855,0,0,0.0152137,0,0,0,0,0,0,0.0335689,0,0.0023092,0,0,0,0,0,0,0,0,0,0,0.0426301,0,0,0,0,0,0.0534762,0,0,0,0,0,0,0,0,0,0,0,0,0.8519458,0,0,0,0,0,0,0,0,0,0,0,0,0,0,0,0,0,0,0,0,0,0,"At_Birth"
"SRR7411277",0,0,0,0,0,0,0,0.0014295,0,0,0.0008285,0,0,0,0,0,0,0,0,0.0158111,0,0,0,0,0,0,0.0001178,0,0,0,0.0445944,0,0,0,0,0.0001149,0.0015431,0,0,0,0,0.0336172,0,0,0,0,0.000681,3.05e-05,0,0,0,0,0,0,0,0.0068591,0,0,3.66e-05,7.8e-05,0.0002843,0.6555964,0,0,0,0,0,0,0.2017791,0,0.0003396,0,"At_Birth"
"SRR7411280",0,0,0,0,0,0,0,0,0,0,0.0009207,0,0,0,0,0,0,0,0,0.0031733,0,0.0001189,0,0,0,0.0006139,0,0,0,0,2.26e-05,0,0,0,0,0.0111568,0.0129753,0,0,0,0,0.0003865,0,0,0,0,0,0.0008405,0.0011636,0.0089484,0.0005378,0,0,0,0,0.310723,0,0,0.0524127,1.83e-05,0,0.4887034,0.0018608,0.0626175,0,0,0,0,0.0190654,0,0,0.0001202,"3_months"
"SRR7411281",0.1201702,0,0.0126448,0.0876998,0,0.002011,0,0,0.0008885,0,0,0.1840819,0.0577458,0,0,0,0,0,0,6.87e-05,0,0.0019846,0,0,0,0.0048459,0,0.0184304,0,0.0035121,0,0,0,0,0.0443013,0.0105243,0.000599,0.0055361,0,0,0,0.0005433,0,9.71e-05,0.0928942,0,0,0,0.0009467,0.0038107,0,0.0026282,0,0,0.0303851,0,0,0,0,0,0.0006136,0,0,0,0,0.039211,0,0.0077214,0,0,0,0.0609024,"12_months"
"SRR7411283",0,0,0,0.0975172,0,0,0,0,0,0,0,0,0,0,0,0.0208499,0,0,0,0,0,0,0,0,0,0,0,0,0,0,0,0,0,0,0.0041102,0.0110803,0.0004227,0,0,0,0,0.0002257,0,0,0,0,0,0,0.0009874,0.0240556,0,0,0,0,0,0,0,0,0.6232334,6.17e-05,0,0,0,0,0,0,0.0209245,0,0,0,0,0,"3_months"
"SRR7411284",0,0,0,0,0,0,0,0,0,0,0,0,0,0,0,0,0,0,0,0,0,0,0,0,0,0,0,5.3e-05,4.01e-05,0,0,0,0,0,0,0.0011223,0,0,0,0,0,0,0,0,0,0,0,4.25e-05,9.15e-05,0.0054926,4.13e-05,0,0,0,0,0.0233125,0,0,0.6655201,6.63e-05,0,0,0,0.303429,0,0,0,0,0,0,0,0,"3_months"
"SRR7411285",0,0,0,0,0,0,0,3.87e-05,0,0,0.005546,0,0,0,0,0.0782239,0,0,0,0.0005043,0,0,0,0,0,0,0,0,0,0,0.0009843,0,0,0,0,0,6.6e-06,0,0,0.0019028,0,0.0001874,0,0,0,0,0,0,0,0.0037952,0,0.0042294,0,0,0,0,0.0006828,0,0,0,0.0002415,0,0.000473,0,0,0,0,0,0,0,0,0,"3_months"
"SRR7411286",0,0,0,0,0,0,0,5.57e-05,0,0,0.0008923,0,0,0,0,0,0,0,0,0.0001692,0,0.0017683,0,0,0,0.0001493,0.006297,0.0117092,0.01436,0.0002664,0.0008048,0,0,0,0,0,0.0042616,0,0,0.0040361,0,2.78e-05,0,0,0,0,0.014639,6.97e-05,0,0.0256819,0.0003174,0,0,0,0,0.1035436,4.95e-05,0,5.11e-05,0,0.002585,0.6113284,0.0002145,0,0,0,0,0,0.0193885,0,0,0.1005795,"3_months"
"SRR7411288",0,0,0,0,0,0,0,0.000144,0,0,0.0005118,0,0,0,0,0.0001868,0.0007463,0,0,0.0007415,0,0,0,0,0,0,0,2.16e-05,0,0,0,0,0,0,0,0,0.0031594,0,0,0,0,0.0002763,0,0,0,0,0,0,0,0.0133171,0,0,0,0,0,0,0,0,0.3721659,6.08e-05,0.0004776,3.1e-06,0,0.6022266,0.0047751,0,0,0,0,0,0,0,"3_months"
"SRR7411291",0,0,0,0.0359818,0,0,0,0,0,0,0,0,0,0,0,0.0006424,0,0,0,0,0,0,0,0,0.0008377,0,0,6.7e-06,0.0011111,0,0,0,0,0,0,0.0021267,0.0001614,0,0,0,0,0.0003278,0.000125,0,0,0,7.55e-05,0.0006413,0.0001653,0.0022944,0,0,0,0.0041476,0,0.118345,0,0,0,1.37e-05,0,0.1279047,0,0.5892987,0,0,0,0,0,0,0.112246,0,"3_months"
"SRR7411292",0,0,0,0,0,0,0,0,7.39e-05,0,0.0033301,0,0,0,0,0,0,0,0,0.0058863,0,0,0,0,0,0,0,0,0,0,0,0,0,0,0,1.45e-05,0,0,0,0,0,0.0001914,0,0,0,0,0.0053344,0,0,0.4287115,0,0,0,0,0,0,0.0049356,0,0,0,0,0.1660529,0,0.0001633,0,0,0,0,0,0,0.3691122,0.0022258,"3_months"
"SRR7411293",0,0,0,0,0,0,0,0,0,0,0,0,0,0,0,0,0,0,0,0.0032471,0,0.0021195,0,0,0,0,0.4672338,3.41e-05,0,6.71e-05,0.0002207,0,0.0515937,0.019636,0.0014928,0.0111886,0,0,0,0,0,0.0009423,0,0,0,0,0,0,0.0010573,0.0085479,0.0001456,0,0,0,0,0,0,0,0,0,0,0,0,2.52e-05,0,0,0,0,0.2780871,0,0,0.1491585,"3_months"
"SRR7411294",0,0,0,0,0,0,0,0,0,0,0,0,0,0,0,0,0,0,0,0,0,0,0,0,0,0,0,0,0,0,0,0,0,0,0,0,0,0,0,0,0,0,0,0,0,0,0,0,0,0,0,0,0,0,0,0,0,0,0.2493195,2.77e-05,0,0.0001454,0,0.7269093,0,0,0,0,0,0,0,0,"3_months"
"SRR7411297",0,0,0,0,0,0,0,0,0,0,0.0394465,0,0,0,0,0,0,0.2230562,0,0,0,0,0,0,0,0.026471,0,0,0,0,0.1700014,0.0175989,0,0,0,0,0.00065,0,0,0,0,0.0002006,0,0,0,0,0,0,0,0.016939,0,0,0,0,0,0,0,0,5.93e-05,0,0,0.0001718,0,0.0003054,0,0,0,0,8.58e-05,0,0,0,"At_Birth"
"SRR7411300",0,0,0,0,0,0,0,0,0,0,0.0004033,0,0,0,0,0.00063,0,0,0,0.0002046,0,0,0,0,0,0,0.0501398,0,0.0017794,0,0,0,0,0.0052843,0,0,0.0001636,0,0,0,0,0,0,0,0,0,0,5.54e-05,0,0.0175169,0,0.0001163,0,0,0,0.0337981,0.0001383,0,0.8476626,0,4.34e-05,0.0364976,0,0,0,0,0,0,0,0,0,0,"3_months"
"SRR7411301",0,0,0,0,0,0,0,4.36e-05,0,0,0.0002427,0,0,0,0,0.0416163,0.0001273,0,0,0.0004316,0,0,0,0,0,0,0,0.0280074,0,0,4.5e-05,0,0,0,0,0,0.0022092,0,0,0,0,0.0019988,0,0,0,0,0,0,0,0.0210597,0,0,0,0,0,0,0,0,0,0,0.000812,0.8288841,0,0,0,0,0,0,0,0,0,0,"3_months"
"SRR7411302",0,0,0,0,0,0,0,0,0,0,0,0,0,0,0,0,0,0.0015789,0,0,0,0,0,0,0,0,0,0,0,0,0.0101739,0,0,0,0,0,0.0043593,0,0,0,0,0,0,0,0,0,0,0,0,0.0005081,0,0,0,0,0,0,0,0,0.9722567,0,0,0.0005035,0,0.0103942,0,0,0,0,2.71e-05,0,0,0,"At_Birth"
"SRR7411303",0,0,0,0,0,0,0,0,0,0,0,0,0,0,0,0,0,0,0.0018371,0,0,0,0,0,0,0,0,0,0.0008019,0,0,0,0,0,0,0.0002275,0,0,0,0,0,0,6.33e-05,0,0,0,0.0247216,5.1e-06,0,0,0,0,0,0,0,0.0319447,0,0,0,0,0,0.1227544,0.0005326,0,0,0,0,0,0.0369262,0,0,0,"3_months"
"SRR7411304",0,0,0,0,3.7e-05,0,0,0.0002497,0,0,0.0009602,0,0,0,0,0.0171805,0.0004244,0,0,0.0009548,0,0,0,0,0,0.0001692,0.2123136,0,0.0040959,0,0.0002314,0,0,0,0,0,3.59e-05,0,0,0,0,0.0002134,0,0,0,0,0,0,0,0.4287597,5.77e-05,0,0,0,0,0,0,0,0,0,0.002549,0.3245312,0,0,0,0,0,0,0,0,0,0,"3_months"
"SRR7411305",0,0,0,0,0,0,0,0,0,0,0.0006923,0,0,0,0,7.11e-05,7e-06,0,0,0.0012095,0,0,0,0,0,0,0,0,0,0,0.0008481,0,0,0,0,0.0040815,0.0036307,0,0,5.64e-05,0.0007277,0.0047084,0,0,0,0,0,0,0.0004041,0,0.000373,0.0008127,0,0,0,0,0.0043205,0,0.8952468,0,0,0,0,0,0,0,0,0.0437396,0,0.0001404,0,0,"3_months"
"SRR7411307",0,0,0,0,6.26e-05,0,0,0.0003673,0.0026543,0,3.7e-05,0,0,0,0,0.0021933,0,0,0,0.0004327,0,0,0.0004356,0,0,0,0,0,0,0,0,0,0,0,0.006331,0.00388,0,0,0,0,0,0,0,0,0,0,0,0,0.0002676,0.0480212,0.0008172,0,0,0,0,0,0,0,1.54e-05,5.04e-05,0.0003504,0.4090445,0,0,0,0,0,0,0.3975752,0,0,0.0314955,"3_months"
"SRR7411309",0,0,0,0,0,0,0,0.0235185,0,0,0,0,0,0,0,0,0,0,0,0.0012377,0,0,0,0,0,0,0,0,0,0,0.4954134,0.0134018,0,0,0,0,0.0013184,0,0,0,0,0.0321846,0,0,0,0,0,0,0,0.4329257,0,0,0,0,0,0,0,0,0,0,0,0,0,0,0,0,0,0,0,0,0,0,"At_Birth"
"SRR7411312",0,0,0,0.0058064,4.27e-05,0,0,0,0,0,0,0,0,0,0,0,0,0,0.0014664,0,0,0,0,0,0.8624777,0,0,0,0,0,0,0,0,0,0,0.006448,0.000394,0,0,0,0,0.0007494,0,0,0,0,0,0,0.0004734,0.0279266,8.28e-05,0,0,0,0,0,0,0,0,0,0,0,0,0,0,0,0,0,0,0,0,0.0790469,"3_months"
"SRR7411314",0.0274951,0,0,0.0136711,0,0,0.0407977,0,0.0001013,0.0049368,0,0.0035896,0.0306285,0,0.0012529,0.0003021,0,0,0,0.0001933,0,0,0,0,0,0.0023202,0,0.0065138,0,3.7e-05,0,0,0.000696,0.0017232,0.002994,0.0077446,0.0008102,0.0030103,0,0,0,0.0001368,0.0509644,0,0.0549957,0,0,0,0.0024991,0.0084491,6.46e-05,0.0022178,0,0,0,0,0.0005827,0.0029182,0.2899541,0,3.91e-05,0,0,0.3048299,0.0560033,0,0,0.0011861,0,0,0,0.0075421,"12_months"
"SRR7411315",0,0,0,0,0,0,0,0,0,0,0,0,0,0,0,0,0,0,0,0.0001078,0,0,0,0,0,0,0,0,0,0,0.0068575,0,0,0,0,0,0.0551725,0,0,0,0,0,0,0,0,0,0,0,0,0.9377243,0,0,0,0,0,0,0,0,0,0,0,0.0001379,0,0,0,0,0,0,0,0,0,0,"At_Birth"
"SRR7411316",0,0,0,0,0,0,0,0,0.0076505,0,0,0,0,0,0,0,0,0,0,0,0,0,0,0,0.0760811,0,0.0379444,0,0.021406,0,0.0087261,0,0,0,0,0.0077178,0.0050765,0,0,0,0,0.000357,0.0178077,0,0,0,0.0427095,0,0.0009703,0.0590095,0,0,0,0,0,0.0026062,0,0,0.3701063,0,0,0.3267715,0,0,0,0,0,0,0,0,0,0,"At_Birth"
"SRR7411322",0.1522595,0.000131,0,0.1000295,0,0.000105,0,0.0001738,0.0024999,0,0,0.1589565,0,0,0,0,8e-06,0,6.79e-05,0.0002406,0,0,0,0,0.0027341,0.0033318,0,8.28e-05,0.0199828,0.0001301,0,0,0,0,0.0025658,0.0079363,0.0141699,0,0,0,0.0898164,0.0007913,0,0.0007798,0,0,0,0.0003394,0.0008569,0.0037923,0,0.0023741,0,0,0,0.1168268,0,0,0,0,0,0.0865347,4.98e-05,0,0,0.0145941,0,0.0039706,0.1741177,0,0,0.0234752,"12_months"
"SRR7411323",0.1244487,0,0,0.0828022,0.0001804,0,0,0.0001887,0.0030446,0,0,0.0530605,0,0,0,0,0,0,0,0.0002602,0,0,0,0.0328912,0.2286451,0.0462405,0,0,0,0.0001537,0,0,0.0002979,0.0004059,0.0104976,0.0023585,0.0012496,0,0.0005669,0,0.022169,0.0002191,0,0,0,0,0,0,6.82e-05,0.0007011,0,0.0025762,0,0,0,0,0,0,0,0,0,0.0526357,0,0.2304325,0,0.0001119,0.0021375,0.0018223,0,0,0.0823817,0.0028206,"12_months"
"SRR7411324",0.0454948,0.0014792,0,0.0259381,0.0002049,0,0,0.000147,0.0006559,0.0002318,0,0.1603537,0,0,0,0,0,0,0.0017585,0.0001503,0,0,6.44e-05,0.0142895,0.0031614,0,0,0.0002753,0,0,0,0,1.16e-05,0.0002781,0.0028814,0.021431,0.0013861,0.0001207,0,0,0.0094493,4e-05,0,0,0.0091591,0,0.0018528,0,0.0021703,0.0029282,0,0.0033412,0,0.0070849,0,0,0,0,0.0831396,2.56e-05,0,0.1803729,0,0,0.0019761,0,0,0.0029966,0,0.0021034,0.28166,0.0062955,"12_months"
"SRR7411329",0,0,0,0,0,0,0,0,0,0,0,0,0,0,0,0,0,0,0,0,0,0,0,0,0,0,0,0,0,0,0,0,0,0,0,0,0,0,0,0,0,0,0.0063231,0,0,0,0.0009308,0.0001527,0.0061296,0,0,0,0,0,0,0.6166419,0,0,0,0,0,0.0002926,0,0,0.3010087,0.0008461,0,0.0015778,0,0,0,0,"3_months"
"SRR7411333",0,0,0,0,0,0,0,0,0,0,9.35e-05,0,0,0,0,0.0013995,0,0,0,0,0,0,0,0,0,0,0,0.0291783,0,0,0.0003855,0,0,0,0.0015891,0,2.34e-05,0,0,0,0,0,0,0,0,0,0,0,0,0.0254779,0,0.0001181,0,0,0,0,0,0,0.7396948,0,0.0002506,0.1714491,0,1.14e-05,0,0,0,0.005946,0,0,0,0.0205454,"3_months"
"SRR7411335",0,0,0,0,0,0,0,0,0,0,0.0473901,0,0,0,0,0,0,0,0,0.0126901,0,0.0052177,0,0,0,0,0,0,0,0.0001059,0.0034625,0,0,0,0,0,0,0,0,0.003772,0,0.0043897,0,0,0,0,0,0,0,0.7976487,0,0,0,0,0,0,0,0,9e-05,0,0.0167611,0.0003347,0,0.0002949,0,0,0,0,0,0,0,0,"3_months"
"SRR7411336",0,0,0,0.7556175,8.18e-05,0,0,0.0001076,0,0,0.0007366,0,0,0,0,0.000148,0,0,0,0.0005699,0,0,0,0,0,0,0,0.02054,0,0,0.0005231,0,0,0,0,0,0.0017285,0,0,0,0,0.0001147,0,1.06e-05,0,0,0,0,0,0,8.26e-05,0,0,0,0,0,0,0,0,0,0.0002968,0,0,0,0.0161415,0,0,0,0,0,0,0,"3_months"
"SRR7411338",0,0,0,0,0,0,0,0,0,0,0,0,0,0,0,0.0013794,0,0,0,0,0,0,0,0,0.0016061,0,7.36e-05,1.77e-05,0.0005084,0,0,0,0,0,0,0,0.0012915,0,0,0,0,0,0.0001518,0,0,0,0,0,0,0.01915,0,0,0,0,0,0.000235,0,0,0.0008973,0,0,0.1796879,0,0.7749651,0,0,0,0,0.014109,0,0,0.0001149,"3_months"
"SRR7411340",0,0,0,0,0,0,0,0.0001234,0,0,0.0180903,0,0,0,0,0,0,0,0,0.0005111,0,0,0,0,0,0,0.0002277,7.01e-05,0,0,0.0683841,0.0007836,0,0,0,0.0005876,0.060035,0,0,0,0,0,0,0,0,0,0.0001017,0,0,0,0,0,0,0,0,0.0061902,0,0,0,0,0,0.3472693,0.0001349,0,0,0,0,0,0,0,0.4947945,0,"At_Birth"
"SRR7411343",0,0,0,0,1.82e-05,0,0,0.0008597,0,0,0.0163141,0,0,0,0,0.0182116,0,0.0151532,0,0,0,0.0038041,0,0,0,0,0,0.356597,0,0.0041773,0.0485464,0,0,0,0,0,0.2310488,0,0,0.0100688,0,0,0,0,0,0,0,0,0,0.2204525,0,0,0,0,0,0,0,0,0,0,0,0,0,0,0,0,0,0,0,0,0,0,"At_Birth"
"SRR7411344",0,0,0,0,0,0,0,0.0109468,0,0,0,0,0,0,0,0,0,0,0,0.0177801,0,0,0,0,0,0,0,0,0,0,0.0326403,0,0,0,0,0,0,0,0,0,0,0.0481891,0,0,0,0,0,0,0,0.8782331,0,0,0,0,0,0,0,0,0,0,0.0046385,8.5e-06,0,0,0,0,0,0,0,0,0,0,"At_Birth"
"SRR7411346",0,0,0,0,0,0,0,0.0004743,0,0,0.0048825,0,0,0,0,0.139416,0,0.0202451,0,1.09e-05,0,0,0,0,0,0,0,0,0,0,0.0117993,0.0001618,0,0,0,0.0033327,0,0,0,0,0,0.0067909,0,0,0,0,0,0,0.0003366,0.3102218,0,0,0,0,0,0,0.0505289,0,0,0,0,0,0,0,0,0,0,0,0,0,0,0.4326035,"At_Birth"
"SRR7411348",0.0086661,0,0,0.0019204,0,0,0.021107,0.0002914,0,0.0007082,0,0.136942,0.0049067,0.0673109,0,0,0,0,0,0.0002992,0.0033984,0.000429,0,0,3.49e-05,0.0006821,0.0051862,0,0.0009565,9.17e-05,0,0,0,0,2.38e-05,0.0002428,0.007185,0,4.23e-05,0,0.000953,0.0021249,0,0,0.0274901,0.0099007,0,7.77e-05,0.0003374,0.0021397,8.2e-06,0.0053221,0.1838336,0.0014082,0,0.0184211,0,0,0,0,0,0.0344672,0,0,0,0,0,0,0,0,0.1369057,0.0010596,"12_months"
"SRR7411349",0.0187301,0,0,0.0114203,0,0,0,0,0.0028535,0,0,0.0105608,0,0,0,0,0,0,0,0,0,0.0002706,0,0.0001985,0,0,0,0.0081301,0,0.0001726,0,0,0,0,0.0050107,0.0017645,0,0,0,0,0.0015068,0,0,0,0.0220761,0,0,0,0.0002324,0.5978133,0,0,0.0246832,0,0,0,0,0.0105692,0.0208276,0,0,0.2612248,0,1.74e-05,0,0,0.0001964,0.0013259,0,0,0,0,"12_months"
"SRR7411351",0.2608329,0,0,0.0502181,0.00023,2.69e-05,0.0081181,0,0.0010042,0,0,0,0,0,0.000551,0,0,0,0,0.0001575,0,0,0,0.0168452,0,0,0,0,0.0951002,0,0,0,0,0.0015707,0.0095279,0.0027737,0.0014516,0,0.0002015,0,0.1228352,0,0,0.000123,0,0,0,0,0.0002266,0.0005482,0,0.0007957,0,0.0022305,0,0,0,0.0182928,0.0679722,0,0,0.2621716,0,7.5e-06,0,0,0,0.0080684,0,0.0002547,0,0.0063842,"12_months"
"SRR7411354",0.0327299,0,0,0.2477388,0.0003829,0.0062441,0,0,0,0.0013468,0,0.1348638,0,0,0,0,0.0006513,0,0,0.00052,0,0.0001019,0.0003851,0,0.0009243,0,0.0012649,0,0.0005839,1.14e-05,0,0,0,2.9e-05,0.0001316,0.003345,0.0053274,0,0,0,0.001685,0.0011168,0,0.0003801,0.0420749,0.0092078,0.0001446,0.0005932,0.0002251,0.0084803,0.0003018,0.0124304,0.0873535,0,0,0,0,0,0.0002136,0,0.0007982,0.0264038,7.94e-05,0.0001154,0,0,0,0.002305,0.0123206,0.0070593,0.0923615,0.0059102,"12_months"
"SRR7411357",0,0,0,0.040603,0,0,0,0,0,0,7e-05,0,0,0,0,0,0,0,0,4.11e-05,0,0,0,0,0,0,0,0.0059997,0,0,0,0,0,0,0,0.0052528,0.0017354,0,0,3.9e-05,0,0.0014511,0,0,0,0,0,0,0.0004918,0.0184745,0,0,0,0,0,0,0,0,0.5806384,2.8e-05,0,0,3.84e-05,0.2950546,0,0,0,0,0,0,0,0.0013375,"3_months"
"SRR7411361",0.0140254,0,0,0.0011397,0,0,0,0.0002629,0,0.0029482,0,0.0006015,0,0.0004565,0,0,0,0,0.0006831,0.0010382,0,4.43e-05,0,0.0009465,0.0015701,0.0003193,0.0125928,0,0,8.49e-05,0,0,0,0,0.0007643,0,0.0012547,0,0,0,0,0.0003529,0,0,0.0302613,0.006351,0,1.05e-05,0,0,0,0.0005354,0.0040679,0,0.0214279,0.0367115,0,0,0.0029511,0,0,0.0089766,0,0.044802,0,0,0,0,0.0410127,0,0,0.0003612,"12_months"
"SRR7411367",0.0139031,0,0,0.0259326,2.5e-05,0.0016619,0,0,8.97e-05,0,0,0.0093712,0,0,0,0,4.87e-05,0,0,0.0001342,0,0.0007174,0,0,0.054084,0.0013031,0.0161598,0.0068405,0,0.0008418,0,0,0,0,0.0005171,0.0044903,5.24e-05,0,0,0,0.1080041,0.0003401,0,4.49e-05,0.0954512,0,0.0139169,0,0.0004775,0.0159626,3.06e-05,0.0043213,0.0017527,0,0,0,0,0,0.1400576,2.49e-05,0.0008283,0.0844587,0,0.1643249,0,0.0071298,0,0.0003812,0,0,0.2183182,0.0035391,"12_months"
"SRR7411370",0,0,0,0,0,0,0,0,0,0,0,0,0,0,0,0.0025266,0,0,0.0035144,0.0001239,0,0,0,0,0,0,0,0,0,0,0,0,0,0,0,0,0.0039354,0,0,0,0,0,0,0,0,0,0.9287021,0,0,0.0519487,0,0,0,0,0,0,0,0,0,0,0.0003175,0,0,0,0,0,0,0,0,0,0,0,"3_months"
"SRR7411371",0,0,0,0.0003111,0,0,0,0,0,0,0,0,0,0,0,0,0,0,0,0,0,0,0,0,0,0,0.0283357,0,0.2037647,0,0,0,0,0,0.0029707,0.0024991,0,0,0,0,0,0,0,0,0,0,0.0115371,0,2.3e-05,0.0007399,0,0.0007044,0,0.4015773,0,0,0,0,0.000143,0,0,0.005127,0.0007357,0,0,0,0,0.0051544,0,0,0,2.8e-05,"12_months"
"SRR7411372",0,0,0,0,6.14e-05,0,0,0.0053658,0,0,0.0562978,0,0,0,0,0.236676,0,0,0,2.39e-05,0,0,0,0,0,0,0,0,0,0,0.053096,0.0012468,0,0,0,0,0.0602962,0,0,0,0,1.34e-05,0,0,0,0,0,0,0,0.5798176,0,0,0,0,0,0,0,0,0,0,0.001044,0,0,0,0,0,0,0,0,0,0,0,"At_Birth"
"SRR7411373",0,0,0,0,0,0,0,0,0,0,0,0,0,0,0,0,0,0,0,0,0,0,0,0,0,0,0.0386147,0,0.0008673,0,0,0,0,0,0,0,1.32e-05,0,0,0,0,0,0,0,0,0,0.1493555,0,0,0.0436308,0.0002507,0,0,0,0,0,0.0015017,0,0,0,0,0.7248976,0,0,0.0078809,0,0,0,0.0311244,0,0,0,"3_months"
"SRR7411374",0,0,0,0,0,0,0,0,0,0,0.000437,0,0,0,0,0,0,0,0,0,0,0,0,0,0,0,0.0018049,0,0,0,0.000969,4.11e-05,0,0,0,0.0043818,0.0007829,0,0,0,0,0,0.0097344,0,0,0,0.0076059,0,0.0004163,0,0,0,0,0,0,0.0050705,0,0,0,0,0,0.0907198,0,0,0,0,0,0,0,0,0.8757547,0,"3_months"
"SRR7411375",0,0,0,0.2601238,0,0,0,0,0,0,0.0003193,0,0,0,0,0.098088,0,0,0,0.00031,0,0.0016512,0,0,0,0,0,0.0002217,0,0.0001737,0,0,0,0,0,0,0.0004043,0,0,0,0.0001432,0.0003958,0,0,0,0,0,0,0,0,0.0010574,5.03e-05,0,0,0,0,0,0,0,0,0,0,0,0,0.6239425,0,0,0,0,0,0,0,"3_months"
"SRR7411377",0,0,0,0,0,0,0,0,0,0,0,0,0.3487232,0,0,0,0.0006224,0,0,0.0014558,0,5.62e-05,0,0,0,0,0,0.0679438,0,0,0.0001628,0,0,0,0,0,0.4997364,0,0,0.0004714,0,0.0107018,0,0,0,0,0,0,0,0.0603069,0,0,0,0,0,0,0,0,0,0,7.51e-05,0,0,0,0,0,0,0,0,0,0,0,"3_months"
"SRR7411379",0,0,0,0,0,0,0,0,0,0,1.8e-05,0,0,0,0,0,0,0,0,0,0,0,0,0,0,0,0,0.0018681,0,0,0,0,0,0,0,0,0.0003784,0,0,0,0,0,0,0,0,0,0,0,0,0,0,0,0,0,0,0,0,0,0.6768447,0,0,0.0109308,0,0.270008,0,0,0,0,0,0,0.0397082,0,"3_months"
"SRR7411380",0,0,0,0,0,0,0,0,0,0,0.0014003,0,0,0,0,0.0185221,0,0,0,0,0,0,0,0,0,0.0022311,0,0,0,0,0,0,0,0,0,0,5.4e-05,0,0,0.018911,0,0.0002667,0,0,0,0,0,0,0,0,0,0.0644446,0.5561826,0,0,0,0.1089123,0,0,0,0,1.77e-05,0,3.72e-05,0,0,0,0,0,0,0,0,"3_months"
"SRR7411382",0,0,0,0.1071038,0,0,0,0,0,0,1.47e-05,0,0,0,0,0,0,0,0,0,0,0,2.21e-05,0,0,0.0001872,0,0.0037539,0,0,0,0,0,0,0,0,0.0067129,0,0,0,0,0.0004784,0,0,0,0,0,0,0,0.0006925,5.2e-05,0,0,0,0,0.0352071,0.0001643,0,0,0,0,0.8205341,0,0,0,0,0,0,0,0,0,0.0041793,"3_months"
"SRR7411385",0,1.74e-05,0,0,0,0,0,0.0004442,0,0,0.0006636,0.0798638,0,0,0,0,2.56e-05,0,0,0.0018165,0,0.0002843,0,0,0,0,0,0,0,0,0,0,0,0.022515,0.0077822,0,0.0388152,0,0,0.0117705,0,0.007935,0,0,0,0,0,0,0.0003734,0.1261769,0,0.0002189,0,0.0143628,0,0,0.0001224,0,0,0,0,0,0,3.8e-06,0.0007689,0,0,0,0,0,0,0.5438581,"3_months"
"SRR7411386",0,0,0,0.6068868,0.0002067,0,0,0.0005321,0,0,0.0010837,0,0,0,0,0.0887367,1.52e-05,0,0,0.0007167,0,0.0036473,0,0,0,0,0,0.0321548,0,2.18e-05,0,0,0,0,0,0,0.0151737,0,0,0,0,0.0042783,0,0,0,0,0,0,0,0.2136885,0.000816,0,0,0,0,0,0,0,0,0,0.0007087,0,0.0031487,0,0,0,0,0,0,0,0,0,"3_months"
"SRR7411388",0,0,0,0,0,0,0,0.0001415,0,0,0,0,0,0,0,0,4.11e-05,0,0,0.0011336,0,4.33e-05,0,0,0,1.64e-05,0,0,0,0,0,0,0,0,0,0,0.0056645,0,0,0.0004099,0,0.0003873,0,0,0,0,0,0,0,0.0033984,0.0001172,0,0,0,0,0,0,0,0.5051156,1.21e-05,0,0.0250221,0,0.2428984,0,0,0,0,0,0,0.2147659,0,"3_months"
"SRR7411390",0.4191425,0,0,0,0,0,0,0,0,0,0,0,0,0,0,0.0037221,0.0014004,0,0,0.0002469,0,0,0,0,0,0,0,0.0061677,0,0,0,0,0,0.0167047,0,0,0.0262838,0,0,0.0025773,0,0.0033765,0,0,0,0,0,0,0,0.2045384,0,0,0,0,0,0,0,0,0,0,0,0,0,0.0004063,0,0,0,0,0,0,0,0.2005681,"3_months"
"SRR7411392",0,0,0,0,0,0,0,0,0,0,0,0,0,0,0,0,0,0,0,0,0,0,0,0,0,0,0,0,0,0,0,0,0,0,0,0,0,0,0,0,0,7.42e-05,0,0,0,0,0,0,0,0.0084325,0,0,0,0,0,0,0,0,0.6001059,4.22e-05,0,0.0881032,0,0.3030587,0,0,0,0,0,0,0,0,"3_months"
"SRR7411394",0,0,0,0,0,0,0,0,0,0,0.0010662,0,0,0,0,0.0203367,0,0,0,0,0,0,0,0,0,0,0,0,0,0,0.0018158,0,0,0,0,0,0.0003234,0,0,0.0028206,0,0,0,0,0,0,0.0460555,0,0,0,0,0,0,0,0,0,0.0030766,0,0,0,0,0.3706283,0,0,0,0,0,0,0.5384943,0,0,0,"At_Birth"
"SRR7411399",0.00017,0,0,0.0001073,0,0,0,0,0,0,0,0,0,0,0,0.0003428,0.0001041,0.0164186,0,6.36e-05,0,0,0,0,0.4000709,0,0.0105042,0,0,0,0.0401596,0,0,0,0,0.0003487,0.0047439,0,0,0,1.63e-05,0.0001005,9.29e-05,0,0,0,0.0001558,0,0,0,0,0,0,0,0,0.000108,0,0,0.0004547,0,0,0.5005007,0,9.99e-05,0,0,0,0,0.0231908,0,0.000118,0,"At_Birth"
"SRR7411403",0,0,0,0,0.0001893,0,0,0,0,0,0,0,0,0,0,0.001346,0,0.0020847,0,0,0,0,0,0,0.3969657,0,0,0,0.0001618,0,0.0015751,0,0,0,0,0.0035507,0,0,0,0.0004031,0,0,0,0,0,0,0.0112166,0,0.0003184,0.1652764,0,0,0,0,0,0,0,0,0,0,0,0.4054752,0,0,0,0,0,0,0,0,0,0,"At_Birth"
"SRR7411405",0,0,0,0,0,0,0,0.0012779,0,0,0,0,0,0,0,0.0034138,6.43e-05,0.0005174,0.0082834,0.0019872,0,0,0,0,0,0,0.2029544,0,0.0002307,0,0.0321454,0.0017454,0,0,0,0,0,0,0,0.0098029,0,0.0347908,0.0002573,0,0,0,0.05204,0,0.0001795,0,0,0,0,0,0,0.0055735,0,0,0.0001399,4.85e-05,0,0.2144643,0,0,0,0,0,0,0.229024,0,0,0,"At_Birth"
"SRR7411406",0.0043831,0.0003258,0,0.0208728,0,4.2e-06,0,0,0.0032708,0,0,0.0008526,0,0.0606828,0.0005298,0.000148,0,0,0,0,0,0,4.37e-05,0,0.0002357,0,0,0.0135703,0.0016933,0,0,0,0,0.000753,0.0038762,0.0033826,0.0002205,0,0.0016995,0,0.0003033,0,0,2.3e-06,0.0010756,0.0004003,0,0.0008608,0.0003679,0.0009483,0,0.0023475,0,0.0228655,0,0.1193669,0,0.0107573,0,0,0,0.0757402,0.0001369,0.1616255,0.0038716,0,0.0001132,0.0044342,0.3816869,0.0010803,0,0.0032739,"12_months"
"SRR7411407",0,0,0,0,0,0,0,0,0,0,0.0012459,0,0,0,0,0.0069784,0,0,0,1.9e-05,0,0.0001055,0,0,0,0,0,0.0146901,0,0,0,0,0,0,0,0.0059627,0.0030944,0,0.0034846,0,0,9.03e-05,0,0,0,0,0,0,0.0005085,0,0,0,0,0,0,0,0.0304343,0,0,0,7.17e-05,0.7114754,0,0,0,0,0,0,0,0,0,0,"At_Birth"
"SRR7411410",0,0,0,0,0,0,0,0.0023875,0,0,0,0,0,0,0,0,0.000231,0,0,0.0045675,0,0,0,0,0.0034144,0,0,0,6.58e-05,0,0.0003044,2.17e-05,0,0,0,2.43e-05,0,0,0,0,0,0,0,0,0,0,0,8e-05,0,0.3032261,0,0.000247,0,0,0,0.0846972,0,0,0,0,0,0.29501,0,0,0,0,0,0,0,0,0,0,"At_Birth"
"SRR7411411",0,0,0,0,0,0,0,0,0,0,0,0,0,0,0,0.9913923,0,0,0,0,0,0,0,0,0,0,0.0019463,0,0,0,0,0,0,0,0,0,0.0063279,0,0,0,0,0,0,0,0,0,0,0,0,3.4e-05,0,0,0,0,0,0,0,0,0,0,0,0.0002995,0,0,0,0,0,0,0,0,0,0,"At_Birth"
