"","f__Bacteroidales_RF16_group","f__Clostridiales_vadinBB60_group","f__Erysipelotrichaceae","f__Lachnospiraceae","f__Muribaculaceae","f__p.2534.18B5_gut_group","f__Prevotellaceae","f__Ruminococcaceae","g__Agathobacter","g__Alloprevotella","g__Anaerofilum","g__Anaerostipes","g__Anaerovibrio","g__Bacteroides","g__Blautia","g__Butyricicoccus","g__Catenibacterium","g__Christensenellaceae_R.7_group","g__Clostridium_sensu_stricto_1","g__Collinsella","g__Coprococcus_1","g__Coprococcus_2","g__Coprococcus_3","g__Desulfovibrio","g__Dialister","g__Dorea","g__Elusimicrobium","g__Erysipelotrichaceae_UCG.003","g__Erysipelotrichaceae_UCG.006","g__Faecalibacterium","g__Family_XIII_AD3011_group","g__Flavonifractor","g__Fusicatenibacter","g__Haemophilus","g__Holdemanella","g__Intestinibacter","g__Intestinimonas","g__Lachnoclostridium","g__Lachnospira","g__Lachnospiraceae_AC2044_group","g__Lachnospiraceae_ND3007_group","g__Lachnospiraceae_NK4A136_group","g__Marvinbryantia","g__Methanobrevibacter","g__Mogibacterium","g__Oribacterium","g__Oscillibacter","g__Parabacteroides","g__Phascolarctobacterium","g__Prevotella_1","g__Prevotella_2","g__Prevotella_7","g__Prevotella_9","g__Prevotellaceae_NK3B31_group","g__Prevotellaceae_UCG.001","g__Prevotellaceae_UCG.003","g__Prevotellaceae_UCG.004","g__Rikenellaceae_RC9_gut_group","g__Romboutsia","g__Roseburia","g__Ruminiclostridium_6","g__Ruminococcaceae_NK4A214_group","g__Ruminococcaceae_UCG.002","g__Ruminococcaceae_UCG.003","g__Ruminococcaceae_UCG.005","g__Ruminococcaceae_UCG.008","g__Ruminococcaceae_UCG.010","g__Ruminococcaceae_UCG.013","g__Ruminococcaceae_UCG.014","g__Ruminococcus_1","g__Ruminococcus_2","g__Sarcina","g__Solobacterium","g__Streptococcus","g__Subdoligranulum","g__Succinivibrio","g__Sutterella","g__Terrisporobacter","g__Treponema_2","g__Veillonella","o__Clostridiales","o__Gastranaerophilales","o__Mollicutes_RF39","o__Rhodospirillales","o__WCHB1.41","p__Unclassified"
"SRR5761070",0.000368704372833862,0,0.000811149620234496,0.0104712041884817,0.00486689772140698,0,0.0349531745446501,0.0101024998156478,0.0212373718752304,0.0194675908856279,0.000811149620234496,0.000442445247400634,0.00604675171447533,0.00848020057517882,0.00162229924046899,0.000737408745667724,0.000958631369368041,0.000663667871100951,0.00766905095494433,0,0,0.00191726273873608,0.000516186121967407,0,0,0.000589926996534179,0.000589926996534179,0,0,0.0190251456382273,0,0,0,0.00191726273873608,0,0,0.000589926996534179,0,0,0.00368704372833862,0,0.101762406902146,0,0,0,0,0,0.00420322985030602,0.0108399085613155,0.0042769707248728,0.0308974264434776,0,0.318118132881056,0.000368704372833862,0.00442445247400634,0.000958631369368041,0,0.00877516407344591,0.00110611311850159,0.0171078828994912,0.000589926996534179,0,0.00516186121967407,0.00265467148440381,0,0,0,0,0.00412948897573925,0.000516186121967407,0.00744782833124401,0,0,0,0.00700538308384337,0.0689477177199322,0.00420322985030602,0.00147481749133545,0.153233537349753,0.000294963498267089,0,0.00671041958557628,0.00567804734164147,0.0109873903104491,0,0
"SRR5761068",0.00117362789092164,0.0400414221608561,0.00807732136693131,0.00793924749741112,0.0202278218847083,0.0914739385571281,0.00911287538833276,0.0268553676216776,0,0.00676561960648947,0.00041422160856058,0,0,0.0220227821884708,0,0,0.00220918191232309,0.00793924749741112,0,0,0,0,0,0.00386606834656541,0,0.00138073869520193,0,0,0.00193303417328271,0.00317569899896445,0.000759406282361063,0,0,0,0.00193303417328271,0,0.00138073869520193,0,0,0.0153952364515016,0,0.0209181912323093,0.00262340352088367,0.000966517086641353,0.00131170176044184,0,0,0.0849154297549189,0.00980324473593372,0.0653779772178115,0.00276147739040387,0,0.00241629271660338,0,0.0162236796686227,0.00117362789092164,0.00490162236796686,0.104659993096307,0,0.000552295478080773,0.00690369347600967,0.00856057991025199,0.084294097342078,0.00331377286848464,0.0653089402830514,0,0.0126337590610977,0.0040731791508457,0.0238867794269934,0.0177424922333448,0.018570935450466,0.00062133241284087,0,0,0.00869865377977218,0.00276147739040387,0.000759406282361063,0,0.0320331377286848,0,0.0224370037970314,0,0.0273386261649983,0,0.00255436658612358,0
"SRR5761075",0.000787306201550388,0.0579578488372093,0,0.0175024224806202,0.00199854651162791,0.0090843023255814,0.00211967054263566,0.0349442829457364,0,0.0075702519379845,0,0,0,0.0191375968992248,0.00339147286821705,0,0.00466327519379845,0.0144743217054264,0.00205910852713178,0,0,0,0,0.000423934108527132,0.000423934108527132,0.00145348837209302,0,0,0.00145348837209302,0.0030281007751938,0,0,0,0,0.00139292635658915,0.000847868217054264,0.000545058139534884,0,0,0.00859980620155039,0.00145348837209302,0.00333091085271318,0,0.00320978682170543,0,0.000484496124031008,0,0.0224079457364341,0.00563226744186046,0,0,0.00278585271317829,0.0479651162790698,0,0.0254966085271318,0.00290697674418605,0.00714631782945736,0.0386991279069767,0.00133236434108527,0,0.000363372093023256,0.0143531976744186,0.0230741279069767,0.00139292635658915,0.113069282945736,0.000242248062015504,0.00962936046511628,0,0.0838178294573643,0.026344476744186,0.00890261627906977,0.00684350775193798,0,0,0.000968992248062015,0.00423934108527132,0,0,0.040515988372093,0,0.0224079457364341,0.000242248062015504,0.0365794573643411,0.00102955426356589,0.00266472868217054,0
"SRR5761066",0.00278609737410322,0.0396322351466184,0.00111443894964129,0.00257714007104548,0.0141394441735739,0.0110050846277077,0.0071742007383158,0.0197812913561329,0,0.0119802187086439,0.00104478651528871,0.000417914606115484,0.000766176777878387,0.00125374381834645,0.00327366441457129,0.00104478651528871,0.00118409138399387,0.00410949362680226,0.00188061572751968,0,0,0,0.000557219474820645,0,0.00111443894964129,0,0.00313435954586613,0,0,0.0210350351744793,0.00111443894964129,0,0,0,0.000905481646583548,0,0,0,0.00111443894964129,0.0160897123354461,0.000278609737410323,0.0188061572751968,0,0.000557219474820645,0,0,0.000835829212230967,0.00731350560702097,0.0124677857491119,0.0290450651250261,0.00341296928327645,0.0133732673956955,0.173922128578394,0.00236818276798774,0.0314829003273664,0.00174131085881452,0.00285574980845581,0.200738315804137,0.00167165842446193,0.0046667131016229,0.00543288987950129,0.0130946576582852,0.0260500104478652,0.00215922546493,0.0385177961969771,0,0.0136518771331058,0.000696524343525806,0.0102389078498294,0.00619906665737968,0.00292540224280839,0,0,0,0.00668663369784774,0.0174131085881452,0.0018109632931671,0,0.0741798425854984,0,0.00167165842446193,0.000766176777878387,0.00954238350630355,0.0243783520234032,0.00515428014209097,0
"SRR5761060",0.00318371933329172,0.00280916411761034,0.00137336912416505,0.016043448405019,0.020101129908234,0.00724140083650665,0.00549347649666022,0.0322741744178788,0.00593045758162182,0.0544353580123603,0.00243460890192896,0.00262188650976965,0.0139833947187715,0.00574317997378113,0.00393282976465447,0.000811536300642986,0,0.00337099694113241,0.00499406954241838,0,0,0.000624258692802297,0.00237218303264873,0,0.0159185966664586,0.000998813908483676,0,0.00193520194768712,0,0.0228478681565641,0.000873962169923216,0,0,0,0.00124851738560459,0,0.00193520194768712,0.00187277607840689,0,0.00917660278419377,0,0,0.00118609151632436,0,0,0,0.00131094325488482,0.0458205880516886,0.0102378425619577,0.015481615581497,0.0365191335289344,0.00717897496722642,0.0982583182470816,0,0.0334602659342031,0.00717897496722642,0,0.0375179474374181,0,0.00724140083650665,0.00162307260128597,0.0129221549410076,0.0634871090579936,0.0075535301829078,0.0267806979212186,0,0.0056807541045009,0,0.00611773518946251,0.00324614520257195,0.00181035020912666,0.00555590236594045,0.000374555215681378,0,0.00736625257506711,0.0727885635807479,0.00224733129408827,0,0.192583806729509,0,0.00474436606529746,0.000936388039203446,0.00942630626131469,0,0.00187277607840689,0
"SRR5761064",0,0.00552587953582612,0.00208755449131209,0.00288573709093142,0.0432246577024621,0.0166390372689875,0.0224719101123595,0.0132007122244735,0.0225333087738687,0.0225947074353779,0.00227175047583963,0.000491189292073433,0.000613986615091791,0.00693804875053724,0.00184195984527537,0.00227175047583963,0.00736783938110149,0.000859581261128507,0.0227175047583963,0.000982378584146866,0,0.00233314913734881,0.000798182599619328,0.00067538527660097,0.00712224473506478,0.000982378584146866,0.000736783938110149,0.000859581261128507,0,0.0247436605881992,0,0,0.000798182599619328,0,0.00693804875053724,0.00128937189169276,0.0014735678762203,0.00135077055320194,0.000429790630564254,0.00392951433658746,0,0.00534168355129858,0,0,0,0.000798182599619328,0,0.00890280591883097,0.00239454779885798,0.0225947074353779,0.00853441394977589,0.00165776386074784,0.150795112666544,0,0,0.00331552772149567,0,0.0499785104684718,0.00251734512187634,0.0160864493154049,0,0.00656965678148216,0.0459875974703751,0.0038067170135691,0.0351814330447596,0,0.00276293976791306,0,0.00994658316448701,0.00951679253392276,0.0192177810523731,0.00159636519923866,0.0011665745686744,0,0.00847301528826672,0.107447657641063,0.00233314913734881,0.00196475716829373,0.146006017068828,0,0.00257874378338552,0,0.00405231165960582,0.000245594646036716,0.00067538527660097,0
"SRR5761119",0,0,0,0.0089833343659005,0.00582367883030791,0,0.0532804658943064,0.000867356421535221,0.0438014992875287,0.0612105817483427,0,0.00136298866241249,0.0107800012390806,0.00371724180657952,0.00198252896350908,0,0.00092931045164488,0,0.00241620717427669,0,0,0.000867356421535221,0.00185862090328976,0,0,0.00365528777646986,0,0,0,0.020692646056626,0,0,0,0,0.000619540301096586,0.0010532185118642,0,0,0.000743448361315904,0,0.000371724180657952,0.0102843689982033,0,0,0,0.000309770150548293,0,0.00247816120438635,0.0079301158540363,0.00805402391425562,0.0972058732420544,0.00223034508394771,0.404807632736509,0.00210643702372839,0.00092931045164488,0.00315965553559259,0,0.00328356359581191,0,0.0194535654544328,0.000371724180657952,0,0.00167275881296078,0.00111517254197386,0.002540115234496,0,0,0,0.00229229911405737,0.00092931045164488,0.00415092001734713,0.0350040270119571,0.000371724180657952,0.000619540301096586,0.00470850628833406,0.0299857505730748,0.00439873613778576,0,0.0802304689920079,0,0,0.00408896598723747,0.000309770150548293,0.00136298866241249,0,0
"SRR5761117",0.00182999936896573,0.00870827285921625,0.000441723985612419,0.00466965356218843,0.139710986306556,0.0295955070360321,0.083359626427715,0.0108537893607623,0.00340758503186723,0.0307313687133211,0,0,0.00315517132580299,0.00233482678109421,0.000631034265160598,0.000757241118192718,0,0.000504827412128479,0.00164068908941756,0,0,0,0.000883447971224838,0.000504827412128479,0,0.000631034265160598,0,0,0,0.0146399949517259,0.000504827412128479,0,0,0,0.000757241118192718,0,0.000631034265160598,0,0,0.00466965356218843,0,0.00498517069476873,0,0,0,0,0,0.0173534422919164,0.0197513724995267,0,0.0265034391367451,0.00233482678109421,0.189878210386824,0.00391241244399571,0.0131255127153404,0.00107275825077302,0,0.0124313750236638,0,0.0185524073957216,0,0.0100965482425696,0.0415851580740834,0.00429103300309207,0.0118003407585032,0,0.0080141351675396,0.00365999873793147,0.00731999747586294,0.00359689531141541,0.0054899981068972,0.00719379062283082,0.000757241118192718,0,0.00599482551902568,0.0930775541111882,0.00290275761973875,0,0.0239161986495867,0,0.00435413642960813,0.00328137817883511,0.00391241244399571,0.00145137880986938,0.0133148229948886,0
"SRR5761123",0,0.00070700203942896,0,0.0123453433038749,0.00138681169272604,0,0.0698572399728076,0.00138681169272604,0.0142216179469748,0.017212780421482,0.000299116247450714,0.00315431679129844,0.00821210061182869,0.00290958531611149,0.00222977566281441,0.000217539089055065,0.000108769544527532,0,0.000217539089055065,0,0,0.00103331067301156,0.00135961930659415,0,0.00171312032630863,0.00271923861318831,0,0,0,0.0198504418762746,0,0,0.000761386811692726,0.00070700203942896,0.000679809653297077,0,0,0.000326308633582597,0,0.000299116247450714,0.000299116247450714,0.000870156356220258,0,0,0,0,0,0.002093813732155,0.0263222297756628,0,0.0532698844323589,0.133840924541128,0.572046227056424,0.00742352141400408,0.00587355540448674,0.000924541128484024,0.00035350101971448,0.000870156356220258,0,0.00505778382053025,0.00106050305914344,0.000407885791978246,0.0085112168592794,0.00236573759347383,0.00116927260367097,0,0.000788579197824609,0,0,0.00070700203942896,0.000870156356220258,0,0,0.000244731475186948,0.0014411964649898,0,0.000924541128484024,0.000788579197824609,0,0,0.00035350101971448,0,0,0,0,0
"SRR5761121",0,0.00353292318937687,0.000365474812694159,0.0103551196930012,0.00194919900103551,0,0.0668209782542486,0.0104160321617835,0.00706584637875373,0.00146189925077663,0,0.00127916184442955,0.00225376134494731,0.000974599500517756,0,0.000487299750258878,0,0.000487299750258878,0,0,0,0.00109642443808248,0.00152281171955899,0,0,0,0.0205884144484376,0,0,0.161174392398124,0,0,0,0,0,0,0,0,0.00335018578302979,0.00986781994274228,0,0.00810135834805385,0,0,0,0.000304562343911799,0.00140098678199427,0.0049948224401535,0.0165072790400195,0.00103551196930012,0.0132180057257721,0.000548212219041238,0.324358896266066,0.00944143266126576,0.0101114698178717,0.000670037156605957,0,0.0526892854967412,0,0.00834500822318329,0.000913687031735396,0.00523847231528294,0.0236949503563379,0.00523847231528294,0.00523847231528294,0,0.00682219650362429,0.00127916184442955,0.0130961807882073,0.00268014862642383,0.00134007431321191,0,0,0,0.0185173905098374,0.00219284887616495,0.000791862094170677,0,0.114515441310836,0,0.000365474812694159,0.000304562343911799,0.013035268319425,0.00627398428458305,0.0012182493756472,0.000974599500517756
"SRR5760871",0,0.00578947368421053,0.000175438596491228,0.0141520467836257,0.00134502923976608,0,0.0953216374269006,0.00725146198830409,0.00649122807017544,0.0043859649122807,0.000409356725146199,0,0.00210526315789474,0.000818713450292398,0.000818713450292398,0.000467836257309942,0.000350877192982456,0,0,0,0.000818713450292398,0.000467836257309942,0.0016374269005848,0.000175438596491228,0,0,0.0298830409356725,0,0,0.150994152046784,0,0,0,0,0,0,0,0,0.00543859649122807,0.0130409356725146,0,0.0103508771929825,0,0,0,0,0.000818713450292398,0.00087719298245614,0.00532163742690058,0.00134502923976608,0.0166081871345029,0.00087719298245614,0.303801169590643,0.0107602339181287,0.00175438596491228,0.000350877192982456,0,0.0484795321637427,0,0.0103508771929825,0.000409356725146199,0.0035672514619883,0.00964912280701754,0.00269005847953216,0.0012280701754386,0,0.0068421052631579,0,0.0192397660818713,0.00146198830409357,0.0016374269005848,0,0,0,0.0158479532163743,0.00292397660818713,0,0,0.137134502923977,0,0.000467836257309942,0.00087719298245614,0.0135672514619883,0.00631578947368421,0.00105263157894737,0.00192982456140351
"SRR5760864",0.00324244657332351,0,0.000245639891918448,0.00427413411938099,0.001424711373127,0.000442151805453206,0.0148366494718742,0.01012036354704,0.00255465487595185,0.0211741586833702,0.00167035126504544,0.000540407762220585,0.00864652419552935,0.000736919675755343,0.00692704495210022,0.000638663718987964,0.031491034143945,0.000736919675755343,0.00903954802259887,0,0.000442151805453206,0.00112994350282486,0.00162122328666175,0.000147383935151069,0.00245639891918448,0.00211250307049865,0.00368459837877671,0,0,0.250552689756816,0.000294767870302137,0,0,0,0.00137558339474331,0,0,0.00108081552444117,0.00623925325472857,0.000835175632522722,0.000933431589290101,0.00402849422746254,0.000933431589290101,0,0,0.00127732743797593,0,0.000638663718987964,0.0134610660771309,0.00378285433554409,0.0122819945959224,0.00471628592483419,0.32876443134365,0.0119872267256202,0.000245639891918448,0.00167035126504544,0.000540407762220585,0.00250552689756816,0.000343895848685827,0.0100221075902727,0.00098255956767379,0.00196511913534758,0.00692704495210022,0.00564971751412429,0.00098255956767379,0.00265291083271923,0,0.000884303610906411,0.0108572832227954,0.00181773520019651,0.00545320560058954,0.0228445099484156,0,0.000393023827069516,0.0190616556128715,0.0737902235323016,0.000687791697371653,0,0.0198968312453943,0.000393023827069516,0.000196511913534758,0.0100712355686563,0.00854826823876197,0.00162122328666175,0.00117907148120855,0
"SRR5760865",0.00599853694220922,0.00651060716898317,0.00109729334308705,0.00592538405267008,0.000585223116313094,0,0.124798829553767,0.0166788588149232,0.00102414045354792,0.00512070226773958,0.00234089246525238,0,0.000804681784930505,0.00687637161667886,0.00541331382589612,0,0.00629114850036576,0.00160936356986101,0.0152889539136796,0,0.000585223116313094,0,0.00190197512801756,0.000512070226773958,0,0.00153621068032187,0,0,0,0.0811265544989027,0,0,0.00204828090709583,0,0.00109729334308705,0,0,0.00117044623262619,0.000585223116313094,0.00526700804681785,0.00168251645940015,0.00607168983174835,0.00102414045354792,0.00453547915142648,0.000658376005852231,0,0.000585223116313094,0.00936356986100951,0.00256035113386979,0.00314557425018288,0.0222384784198976,0.00131675201170446,0.181711777615216,0.00190197512801756,0.0013899049012436,0.00438917337234821,0.00234089246525238,0.0592538405267008,0,0.00929041697147037,0.0013899049012436,0.00256035113386979,0.0301389904901244,0.0077542062911485,0.0220921726408193,0.000292611558156547,0.0041697147037308,0.00131675201170446,0.00782735918068764,0.00460863204096562,0.0041697147037308,0,0.00153621068032187,0,0.011777615215801,0.00299926847110461,0.00490124359912217,0.000731528895391368,0.194220921726408,0,0.00263350402340892,0.00182882223847842,0.0158010241404535,0.000292611558156547,0.00534016093635699,0
"SRR5760867",0.0104039845047039,0.0199778638627559,0,0.00713890426120642,0.00343110127282789,0.000996126175982291,0.0164360819037078,0.0220807969009408,0,0.00143884892086331,0.000774764803541782,0.00237963475373547,0.000719424460431655,0.00149418926397344,0.00763696734919756,0.000996126175982291,0.000221361372440509,0.0018262313226342,0.00204759269507471,0,0,0.00177089097952407,0.0012174875484228,0.00226895406751522,0.000830105146651909,0.00105146651909242,0.0488655229662424,0,0,0.0760376314333149,0.000885445489762036,0.000664084117321527,0,0,0.000498063087991146,0.000996126175982291,0,0.000830105146651909,0,0.000830105146651909,0,0.00752628666297731,0.00249031543995573,0.00293303818483675,0,0,0.000719424460431655,0.000166021029330382,0.0167681239623686,0.000276701715550636,0.0159933591588268,0.0306585500830105,0.180907581627006,0.0187603763143331,0,0.015661317100166,0.010016602102933,0.0406198118428334,0.000774764803541782,0,0.0024349750968456,0.0114554510237963,0.0107360265633647,0.00221361372440509,0.00392916436081904,0.0012174875484228,0.0199225235196458,0.00940785832872164,0.0387382401770891,0.00166021029330382,0,0,0,0,0.0172108467072496,0.01306032097399,0.000774764803541782,0.00188157166574433,0.101770890979524,0,0.00664084117321527,0.034366353071389,0.075207526286663,0.00110680686220255,0.0517985611510791,0.00481460985058107
"SRR5760863",0.00595868644067797,0.00473384533898305,0.000364141949152542,0.0168829449152542,0.000595868644067797,0.0187036546610169,0.0671676377118644,0.00569385593220339,0.00539592161016949,0.0631289724576271,0.000628972457627119,0.00344279661016949,0.00129104872881356,0.00334348516949153,0.00473384533898305,0.000926906779661017,0.00139036016949153,0.00261520127118644,0.000264830508474576,0,0.00413797669491525,0.000662076271186441,0.00115863347457627,0.000529661016949153,0.000827595338983051,0.00162208686440678,0.000562764830508475,0,0,0.0241326800847458,0,0.000430349576271186,0.000430349576271186,0.000562764830508475,0.00152277542372881,0,0.00033103813559322,0.000297934322033898,0,0.00294623940677966,0.0025489936440678,0.00314486228813559,0.00251588983050847,0.00148967161016949,0.000397245762711864,0.00033103813559322,0.000827595338983051,0.0100304555084746,0.0455177436440678,0.013671875,0.00986493644067797,0.0013572563559322,0.281084480932203,0.0253244173728814,0.0822960805084746,0.00701800847457627,0.000264830508474576,0.0237685381355932,0.00102621822033898,0.00665386652542373,0.00215174788135593,0.00741525423728814,0.0172139830508475,0.0075145656779661,0.00463453389830508,0,0.0042041843220339,0.0013572563559322,0.00516419491525424,0.00910354872881356,0.00489936440677966,0,0.00115863347457627,0,0.0130760063559322,0.00628972457627119,0.00132415254237288,0,0.104343220338983,0.000595868644067797,0.000761387711864407,0.000132415254237288,0.0042041843220339,0,0.00105932203389831,0.000132415254237288
"SRR5760910",0.00529797268328536,0,0,0.00413425614013597,0.00113309242359282,0,0.0443743492374594,0.000857475347583757,0.000949347706253445,0.0738347522508728,0.000244992956452502,0,0.00226618484718564,0.00195994365162002,0.0044404973357016,0.000153120597782814,0.000581858271574692,0.000520610032461567,0.00275617076009065,0,0.000214368836895939,0.00122496478226251,0,0,0,0.000428737673791878,0.00223556072762908,0,0,0.0369020640656581,0,0,0,0.000306241195565628,0,0,0,0.000122496478226251,0.000949347706253445,0.000306241195565628,0.00177619893428064,0.0158020456911864,0.000643106510687818,0,0,0,0,0.00128621302137564,0.0139339743982361,0.0028786672383169,0.0324615667299565,0.00695167513933974,0.643994610154958,0.0118209101488332,0.00440987321614504,0.000612482391131255,0,0.00324615667299565,0,0.00814601580204569,0,0,0.000612482391131255,0.000765602988914069,0.00150058185827157,0,0,0,0.00229680896674221,0.00146995773871501,0.000398113554235316,0,0,0,0.0104122006492313,0.00104122006492313,9.18723586696882e-05,0.000765602988914069,0.011484044833711,0,0,0.0312978501868071,0.000244992956452502,6.12482391131255e-05,0,0
"SRR5760907",0.00515748159200753,0.00175159752181388,0,0.01303967044017,0.000518991858315223,0.0134613513250511,0.0769729799863765,0.00528722955658633,0.00424924583995589,0.0663336468909144,0.000583865840604626,0.00301664017645723,0.000973109734341043,0.00285445522073372,0.00343832106133835,0.00068117681403873,0.000648739822894028,0.00152453858380097,0,0,0.00321126212332544,0.000518991858315223,0.000778487787472834,0.000324369911447014,0.00045411787602582,0.000778487787472834,0.000259495929157611,0,0,0.0266956437120893,0,0,0,0.000421680884881118,0.000583865840604626,0,0.00022705893801291,0,0.000551428849459924,0.00265983327386552,0.00249764831814201,0.00207596743326089,0.00168672353952447,0.000486554867170521,0,0.000356806902591716,0.00129747964578806,0.00596840637062506,0.0480716208764475,0.0109312660157644,0.00982840831684453,0.00214084141555029,0.333582016932109,0.019559505660255,0.0938402153816212,0.00713613805183431,0.000291932920302313,0.0120016867235395,0.000616302831749327,0.00506017061857342,0.00207596743326089,0.00544941451230984,0.0175159752181388,0.00528722955658633,0.00473580070712641,0,0.00518991858315223,0.000162184955723507,0.00317882513218074,0.00807681079503065,0.00304907716760193,0,0.000486554867170521,0,0.0100230302637127,0.00421680884881118,0.000194621946868209,0,0.113918712900191,0.000551428849459924,0.000421680884881118,0,0.00132991663693276,0,0.000389243893736417,0
"SRR5760906",0.00418144286243582,0.0223363150373154,0,0.00476366908378765,0.00127031175567671,0,0.0830995606838512,0.008098237442439,0.00296406076324565,0.00566347324405865,0.000264648282432647,0.00100566347324406,0.00132324141216324,0.000688085534324882,0.0084687450378447,0.00243476419838035,0.000635155877838353,0.00185253797702853,0.00418144286243582,0,0.000423437251892235,0,0.000635155877838353,0.00396972423648971,0.000529296564865294,0.00317577938919176,0.0121208913354152,0.000211718625946118,0,0.0768538612184407,0,0,0.00116445244270365,0,0,0,0,0.000264648282432647,0,0,0.000899804160271,0.00169374900756894,0.00142910072513629,0.00132324141216324,0,0.000317577938919176,0.000899804160271,0,0.00285820145027259,0.00127031175567671,0.0118562430529826,0.0124913989308209,0.295135764568888,0.00693378499973535,0.00206425660297465,0.000582226221351823,0.00264648282432647,0.0247181495792092,0,0.00222304557243423,0.00799237812946594,0.00645741809135659,0.0119621023659556,0.00206425660297465,0.00502831736622029,0.000529296564865294,0.00613984015243741,0,0.0123326099613614,0.00185253797702853,0.006298629121897,0.00434023183189541,0,0,0.0319165828613772,0.0390091568305722,0.000688085534324882,0.000952733816757529,0.171597946329328,0,0.00582226221351823,0.0115915947705499,0.0230244005716403,0.00222304557243423,0.00455195045784153,0.000582226221351823
"SRR5760909",0.00067395176430944,0.00115534588167333,0,0.0119867135223608,0.00900206999470467,0.000433254705627497,0.0645549511384971,0.0166080970490541,0.00452510470322053,0.037789438213065,0.000722091176045829,0.00385115293891109,0.00033697588215472,0.00178115823424638,0.00688393587830357,0.00481394117363886,0.000529533529100274,0.00452510470322053,0.00572858999663024,0,0.00101092764646416,0.00442882587974775,0.00245510999855582,0,0,0.00558417176142108,0,0.00033697588215472,0,0.124392239926828,0,0.000481394117363886,0,0,0,0.00115534588167333,0,0.00120348529340971,0.000962788234727772,0.0059211476435758,0,0.00365859529196553,0.00264766764550137,0.0046213835266933,0,0.000625812352573052,0,0,0.0102536946998508,0.015982284696481,0.015982284696481,0.00033697588215472,0.360564193905551,0.0178597217542002,0.00765416646608578,0.00327347999807442,0,0.00726905117219468,0.00105906705820055,0.00202185529292832,0.0205555288114379,0.00245510999855582,0.00948346411206855,0.00259952823376498,0.0162711211668993,0.00231069176334665,0.008424397053868,0.000770230587782217,0.00890579117123189,0.0140085688152891,0.00375487411543831,0.0121311317575699,0.000625812352573052,0,0.0268136523371684,0.000577672940836663,0.00120348529340971,0.00231069176334665,0.0651326240793337,0,0.00308092235112887,0.000866509411254994,0.00775044528955856,0,0.00033697588215472,0.000288836470418332
"SRR5760908",0.00261263353460288,0.0143404551788203,0,0.0100441244774733,0.000870877844867627,0,0.0653738968880632,0.00882489549465862,0.00917324663260567,0.00412215513237343,0,0,0.00226428239665583,0.0002322340919647,0.0138759869948909,0.000870877844867627,0.0011611704598235,0.00423827217835578,0.0107988852763586,0,0,0,0.00127728750580585,0.00371574547143521,0.0011611704598235,0.002322340919647,0.00394797956339991,0,0,0.0847073850441245,0,0,0.00150952159777055,0.000348351137947051,0.000580585229911751,0.000290292614955876,0,0,0,0,0.00174175568973525,0.00313516024152346,0.00261263353460288,0.000986994890849977,0,0.000464468183929401,0.000928936367858802,0,0.00870877844867626,0.00168369716674408,0.00568973525313516,0.0100441244774733,0.428007431490943,0.00714119832791454,0.002322340919647,0.000348351137947051,0.00238039944263818,0.0188109614491407,0.000406409660938226,0.00249651648862053,0.00330933581049698,0.00894101254064097,0.00807013469577334,0.00290292614955876,0.00731537389688806,0.000464468183929401,0.00516720854621458,0.000406409660938226,0.00986994890849977,0.00214816535067348,0.00568973525313516,0.00615420343706456,0,0,0.0140501625638644,0.0379702740362285,0,0,0.103692522062239,0,0.00290292614955876,0.00197398978169995,0.00783790060380864,0.000812819321876451,0.00499303297724106,0.000522526706920576
"SRR5760915",0.00295626952253458,0.0138331102186524,0.000334672021419009,0.0101517179830433,0.000167336010709505,0.000334672021419009,0.0652610441767068,0.0100401606425703,0.00423917893797412,0.000836680053547523,0.00100401606425703,0.00167336010709505,0.000446229361892012,0.00117135207496653,0.0100959393128068,0.000948237394020527,0,0.00117135207496653,0.00145024542614904,0,0.000669344042838019,0.000948237394020527,0.00172913877733155,0.00117135207496653,0,0.00161758143685855,0.00591253904506917,0.000836680053547523,0,0.0751896474788041,0,0,0.00156180276662204,0,0,0,0,0,0.00100401606425703,0.00429495760821062,0.000948237394020527,0.00630298973672468,0.0037371709058456,0.00262159750111557,0,0,0,0.000836680053547523,0.00267737617135207,0.0122155287817938,0.0138331102186524,0,0.277777777777778,0.00468540829986613,0.00736278447121821,0.0133311021865239,0,0.0369812583668005,0.000669344042838019,0.0034024988844266,0.01913208389112,0.00435073627844712,0.0117135207496653,0.00156180276662204,0.019020526550647,0,0.0125502008032129,0,0.0143351182507809,0.00524319500223115,0.00111557340473003,0.00267737617135207,0,0,0.0299531459170013,0.00535475234270415,0.00122713074520303,0,0.143797411869701,0,0.00925925925925926,0.0316265060240964,0.0427822400713967,0.00251004016064257,0.0035698348951361,0.00178491744756805
"SRR5760996",0,0.00106797671810755,0.00122817322582368,0.0384471618518716,0.000160196507716132,0.00208255460030971,0.0194371762695573,0.016553639130667,0.012602125273669,0.0018689592566882,0.00202915576440434,0.00101457788220217,0.000427190687243018,0.000427190687243018,0.0640786030864527,0.0016553639130667,0.00138836973353981,0.0108399636887916,0.0222673145725423,0.000533988359053773,0.0035243231697549,0.00122817322582368,0.00955839162706253,0.000320393015432264,0.000533988359053773,0.0101457788220217,0.00929139744753564,0.00112137555401292,0,0.0891226571260746,0,0,0.00405831152880867,0,0.00640786030864527,0.0023495487798366,0,0.00170876274897207,0.00160196507716132,0.00379131734928179,0.00859721258076574,0.00950499279115715,0.0127089229454798,0.000854381374486036,0,0.00138836973353981,0,0,0.00336412666203877,0.0163934426229508,0.00512628824691622,0,0.23287232338335,0.00320393015432264,0,0.00598066962140225,0,0.0179420088642068,0.00373791851337641,0.0161264484434239,0.00106797671810755,0.00955839162706253,0.0191701820900304,0.00197575692849896,0.0435734500987878,0.00224275110802585,0.00347092433384952,0.0016553639130667,0.0256314412345811,0.00683505099588829,0,0.0100923799861163,0.00197575692849896,0,0.0284615795375661,0.00811662305761734,0.000747583702675282,0.00202915576440434,0.0470443744326374,0,0.00101457788220217,0.0181556042078283,0.0504085010946761,0.00368451967747103,0.000427190687243018,0.00437870454424094
"SRR5760997",0.00107788921173493,0.00637360577373699,0,0.0182303871028213,0.0033273971318774,0.0218389727247165,0.034820508013872,0.0213234604930172,0.00384290936357672,0.00745149498547193,0.000421782735026713,0.00267129065516918,0.00285874964851439,0.000234323741681507,0.0065142000187459,0.00168713094010685,0.000281188490017809,0.00164026619177055,0,9.37294966726029e-05,0.000515512231699316,0.00187458993345206,0.00107788921173493,0.00103102446339863,0.0265723123066829,0.00356172087355891,0.00356172087355891,0,0,0.0647202174524323,0.00309307339019589,0,0,0.000187458993345206,0.000515512231699316,0,0.000421782735026713,0,0.00107788921173493,0.0033273971318774,0.000468647483363014,0.0175274158777767,0.00103102446339863,0.00262442590683288,0.000374917986690411,0.000468647483363014,0.00135907770175274,0.00159340144343425,0.0111538101040397,0.0064673352704096,0.0197769237979192,0.0033273971318774,0.214640547380261,0.0359921267222795,0.0380073109007405,0.0283531727434624,0.00295247914518699,0.0449432936545131,0,0,0.00285874964851439,0.0100290561439685,0.0357109382322617,0.0032336676352048,0.00562376980035617,0.000468647483363014,0.00698284750210891,0.00388977411191302,0.0115287280907302,0.0097478676539507,0.00098415971506233,0.0287749554784891,0.000421782735026713,0,0.0113881338457212,0.0109194863623582,0,0,0.0823882275752179,0,0.00857624894554316,0.0032336676352048,0.0223544849564158,0.0098415971506233,0.00435842159527603,0.00440528634361234
"SRR5760994",0.000774416909620991,0.000409985422740525,0,0.00573979591836735,0.000774416909620991,0,0.0536169825072886,0.000592201166180758,0.0123906705539359,0.0113884839650146,0.000318877551020408,0.000364431486880466,0.00127551020408163,0.00132106413994169,0.00182215743440233,0.000364431486880466,0.000637755102040816,0,0.000455539358600583,0,0.000182215743440233,0.00241435860058309,0,0,0,0.00122995626822157,0.00191326530612245,0.000136661807580175,0,0.0348032069970846,0,0,0.000501093294460641,0.000182215743440233,0.000182215743440233,0,0,0,0.0122540087463557,0,0.000774416909620991,0.00414540816326531,0,0,0,0,0,0.00081997084548105,0.00332543731778426,0.000409985422740525,0.0380830903790087,0.00027332361516035,0.526922376093295,0.0325255102040816,0,0.00223214285714286,0.000774416909620991,0.000592201166180758,0.000865524781341108,0.00296100583090379,0,0.00027332361516035,0.00177660349854227,0.000501093294460641,0.00227769679300292,0,0.000455539358600583,0,0.00842747813411079,0.00806304664723032,0,0,0,0,0.000637755102040816,0.00409985422740525,0.00182215743440233,0,0.11725583090379,0,0,0.075801749271137,0.00159438775510204,0,0,0
"SRR5760995",0,0.00513244056397853,0.000825909975812636,0.00477847914577311,0.00100289068491534,0,0.0142764438676184,0.0471948557607221,0.00336263347295145,0.0184649873163825,0.000884903545513539,0.00489646628517492,0.00206477493953159,0.00412954987906318,0.00766916406111734,0.000648929266709929,0.00188779423042888,0.00283169134564333,0.0022417556486343,0,0.00129785853341986,0,0.000884903545513539,0.00306766562444694,0,0.00412954987906318,0,0.000294967848504513,0,0.0360450710872515,0.00129785853341986,0,0,0,0.00153383281222347,0.00253672349713881,0.00147483924252257,0.00182880066072798,0.00153383281222347,0.00584036340038936,0,0.0023597427880361,0,0,0.00200578136983069,0.00182880066072798,0.00123886496371895,0.00330363990325055,0.0483157335850392,0.00418854344876408,0.0284349005958351,0,0.297740546280455,0,0,0.00100289068491534,0,0.0256032092501917,0.000589935697009026,0.0023597427880361,0.00584036340038936,0.00755117692171553,0.118518081529113,0.00265471063654062,0.0169901480738599,0,0.0194678780012979,0.0045425048669695,0.00135685210312076,0.00749218335201463,0.00365760132145596,0.000471948557607221,0.000471948557607221,0,0.0215916465105304,0.0123296560674886,0.00159282638192437,0,0.140640670166952,0.00147483924252257,0,0,0.00330363990325055,0,0,0
"SRR5760991",0.00758347481607244,0.00282965478211658,0.00220713073005093,0.0131295981890209,0.00854555744199208,0,0.0736276174306735,0.011771363893605,0.00560271646859083,0.0128466327108093,0.00101867572156197,0.00333899264289757,0,0.00718732314657612,0.010582908885116,0,0.0021505376344086,0.00169779286926995,0.00639501980758347,0,0.00113186191284663,0.00181097906055461,0.00175438596491228,0.00033955857385399,0,0.00379173740803622,0,0.000848896434634975,0,0.0482173174872666,0,0,0,0.00356536502546689,0.0023203169213356,0.00243350311262026,0,0.00220713073005093,0.000509337860780985,0,0.000962082625919638,0.000735710243350311,0.00158460667798529,0,0,0.000509337860780985,0,0.0021505376344086,0.00384833050367855,0.00277306168647425,0.0143180531975099,0,0.475608375778155,0.00990379173740804,0,0.00294284097340124,0.000735710243350311,0.00628183361629881,0.00158460667798529,0.0200339558573854,0,0,0.0100169779286927,0.0033955857385399,0.0043010752688172,0,0.000226372382569327,0.00067911714770798,0,0.00814940577249576,0.00220713073005093,0,0.000735710243350311,0,0.00265987549518959,0.0790605546123373,0.00367855121675156,0.00452744765138653,0.0773627617430673,0,0,0,0,0,0.000565930956423316,0.000169779286926995
"SRR5761085",0.00163465467919902,0.000919493257049448,0,0.0202288516550879,0.00168573763792399,0,0.0407131181038006,0.0081732733959951,0.0145586432366163,0.0107785042909685,0.000868410298324479,0.000970576215774418,0.0038312219043727,0.00081732733959951,0.00761136085002043,0.00311606048222313,0.0013281569268492,0,0.000408663669799755,0,0.00127707396812423,0.00628320392317123,0.00081732733959951,0,0.000408663669799755,0.0025030649775235,0,0,0,0.0807621577441765,0,0,0,0.0013281569268492,0.000561912545974663,0,0,0.00117490805067429,0.00194115243154884,0.00909276665304454,0,0.00658970167552105,0,0,0,0,0.000510829587249694,0.000408663669799755,0.0139456477319166,0,0.0371373109930527,0.00260523089497344,0.546025745811197,0.0265120555782591,0,0.00306497752349816,0,0.00853085410706988,0,0.00740702901512056,0.000561912545974663,0.00137923988557417,0.0101144258275439,0.00403555373927258,0.00280956272987331,0,0.00117490805067429,0.00495504699632203,0.00454638332652227,0.00495504699632203,0.00168573763792399,0.00137923988557417,0.000357580711074785,0,0.0174192889252145,0.0076624438087454,0.00076624438087454,0,0.0419901920719248,0.000357580711074785,0,0.000306497752349816,0.00270739681242338,0.00153248876174908,0,0
"SRR5761081",0,0.000415383017757624,0.0052615182249299,0.0377998546159438,0,0,0.00404998442313683,0.089688116584167,0.00280383536986396,0.000726920281075842,0.0107653432102184,0.0123576447782893,0.000242306760358614,0.0105230364498598,0.0327114126484129,0.0242306760358614,0.00886150437882931,0.0185883900446537,0.00328844889058119,6.9230502959604e-05,0.00131537955623248,0,0.00415383017757624,0,0,0.010142268683582,0,0.00249229810654574,0.0051922877219703,0.0570805496901935,0.00283845062134376,0.00498459621309149,0.00661151303264218,0,0.0642805219979923,0.00131537955623248,0.00335767939354079,0,0,0,0,0.00820381460071308,0.00276922011838416,0.000380767766277822,0.00190383883138911,0.00034615251479802,0.00148845581363149,0,0,0.000484613520717228,0.0123922600297691,0,0.0331267956661705,0,0,0,0,0.00103845754439406,0,0.00896535013326872,0.00280383536986396,0.0068884350444806,0.109072657412856,0.00197306933434871,0.0426459898231161,0.0805496901934993,0.0287998892311953,0.00141922531067188,0.0250614420713766,0.0016615320710305,0.00415383017757624,0.0149884038907543,0.00446536744089446,0.000207691508878812,0.0545190210806882,0,6.9230502959604e-05,0.000761535532555644,0.0113191872338953,0,0.00484613520717228,0.01398456159784,0.0657689778116238,0.00100384229291426,0,0.0087230433729101
"SRR5761080",0,0,0.00460971112476951,0.0409752099979512,0.000546336133306017,0,0.00501946322474903,0.0127706071160281,0.0223656354572151,0.0160486239158642,0.00034146008331626,0.00419995902479,0,0,0.0534385030389947,0.00317557877484122,0.000546336133306017,0.00174144642491293,0.00751212183295773,0,0.000204876049989756,0.00034146008331626,0.0048487331830909,0,0,0.00932186027453391,0,0.00133169432493342,0.000546336133306017,0.106740422044663,0,0,0.013692549340982,0.00723895376630472,0.0291606911152086,0,0.000717066174964147,0,0.000717066174964147,0,0,0.00102438024994878,0.00252680461654033,0,0.000717066174964147,0,0,0,0,0,0.0141023014409616,0.000921942224953903,0.137437683534795,0.00150242436659155,0,0,0,0,0,0.00447312709144301,0,0,0.000853650208290651,0,0.00559994536638667,0.0107559926244622,0,0.000307314074984634,0.0945161510619409,0,0.00652188759134057,0.0920917844703954,0.00290241070818821,0.160144779075326,0.0181998224407567,0,0,0,0.000990234241617155,0,0,0,0.0752578023629038,0,0,0
"SRR5761079",0,0,0.00781961108812578,0.0315680595779892,0.0231278444352503,0.00401323955316508,0.0275548200248242,0.119404220107571,0.0279271824575921,0.00533719486967315,0.00227554820024824,0.00761274306992139,0.000786098469176665,0.00202730657840298,0.0430285477865122,0.00695076541166736,0.0184526272238312,0.00368225072403806,0.0160529582126603,0.00119983450558544,0.00132395531650807,0.00215142738932561,0.00235829540753,0,0,0.0140256516342573,0,0.00438560198593297,0.00285477865122052,0.0319404220107571,0.000992966487381051,0.00393049234588333,0.00529582126603227,0,0.0391394290442698,0.000455109640049648,0.00140670252378982,0,0.00190318576748035,0.0125362019031858,0.00057923045097228,0.0171286719073231,0.00227554820024824,0.00297889946214315,0,0.00115846090194456,0.00446834919321473,0.00132395531650807,0.00293752585850228,0.00355812991311543,0.00715763342987174,0.000786098469176665,0.0677285891601158,0.00223417459660736,0.00128258171286719,0.0014480761274307,0.00124120810922631,0.00339263549855192,0.000620604054613157,0.0117087298303682,0.00314439387670666,0.0135291683905668,0.098634671079851,0.00173769135291684,0.0141911460488209,0.0156805957798924,0.00839884153909806,0.0141911460488209,0.0249482829954489,0.0072403806371535,0.0328920148944973,0,0.00239966901117087,0.000661977658254034,0.0305337194869673,0.000455109640049648,0,0,0.0599917252792718,0.000206868018204386,0.00107571369466281,0.00140670252378982,0.0294993793959454,0.00136532892014894,0,0
"SRR5761076",0,0,0.0104516736120446,0.0478222879419277,0.0201976072052695,0.00107541336201102,0.0134090603575749,0.135233230272886,0.0362615943003092,0.00110902002957387,0.00154590670789085,0.00940986691759645,0.000739346686382578,0.000470493345879823,0.0692297351794596,0.00752789353407716,0.0249697539991934,0.00325984675359591,0.043655061164135,0,0.00168033337814222,0.0018147600483936,0.00248689339965049,0,0,0.0226508939373572,0,0.00803199354751983,0.00762871353676569,0.022045973921226,0.00305820674821885,0.00403280010754134,0.0106197069498589,0.000537706681005512,0.0650625084016669,0.00141148003763947,0.00238607339696196,0.000168033337814222,0.00168033337814222,0.00541067347761796,0.000638526683694045,0.00981314692835058,0.00490657346417529,0.00396558677241565,0.00110902002957387,0.000806560021508267,0.00268853340502756,0,0.00124344669982525,0.00100820002688533,0.00403280010754134,0.000268853340502756,0.0344804409194784,0.000369673343191289,0.000537706681005512,0.000268853340502756,0,0.00174754671326791,0.00312542008334454,0.00977954026078774,0.00131066003495093,0.0112246269659901,0.0700362952009679,0.0012098400322624,0.0115270869740557,0.0126025003360667,0.00870412689877672,0.0109893802930501,0.0342451942465385,0.00457050678854685,0.0447976878612717,0,0.00567952681812072,0.00215082672402205,0.0393870143836537,0.000134426670251378,0,0.000470493345879823,0.0207689205538379,0,0.0006049200161312,0.00201640005377067,0.0304476408119371,0.000235246672939911,0.000134426670251378,0
"SRR5761185",0.000141964792731403,0.000425894378194208,0.00530001892863903,0.0403180011357183,0.0108366458451637,0.000615180768502745,0.00837592277115275,0.0266420594359266,0.0261215218625781,0.00141964792731403,0.00477948135529055,0.00918038992996404,0,0.000520537573348476,0.121332576187772,0.00392769259890214,0.0265000946431952,0.0034544766231308,0.00184554230550823,0.000662502366079879,0.000189286390308537,0.000473215975771342,0.00383304940374787,0,0,0.01585273518834,0,0.00473215975771342,0.00378572780617074,0.0554609123604013,0,0,0.0235661555934128,0.00203482869581677,0.0297652848760174,0.000615180768502745,0.000662502366079879,0,0.000189286390308537,0,0,0.003880371001325,0.00435358697709635,0,0.000378572780617074,0.00089911035396555,0.000520537573348476,0.000189286390308537,0.00056785917092561,0.000662502366079879,0.0227616884346016,0.000283929585462805,0.18592655688056,0.000993753549119818,0,0,0,0.00615180768502745,0,0.0135339769070604,0,0.00411697898921068,0.0538046564452016,0.000757145561234147,0.0202536437630134,0.00790270679538141,0.0035964414158622,0.00151429112246829,0.046185879235283,0.000662502366079879,0.0092750331251183,0,0.00170357751277683,0.0140071928828317,0.0140545144804089,0,0,0.000283929585462805,0.0151902328222601,0,0,0,0.126916524701874,0,0,0
"SRR5761189",0,0,0.00311975977849706,0.00343173575634676,0.196817845025933,0.00464064267051437,0.0460554537300628,0.0667238622626058,0,0.00686347151269352,0.00241781382833522,0.00179386187263581,0,0,0.00479663065943922,0.00226182583941037,0.00011699099169364,0.00506960964005772,0.149553484381703,0.00464064267051437,0.000194984986156066,0,0.00109191592247397,0,0.0020668408532543,0.002378816831104,0,0,0.00152088289201731,0.0110751472136645,0.0032367507701907,0.000818936941855477,0,0.000233981983387279,0.00464064267051437,0.027063916078462,0.0014818858947861,0,0.000701945950161837,0.00350972975080919,0.000623951955699411,0.000701945950161837,0.00315875677572827,0.0292477479234099,0.000467963966774558,0.00152088289201731,0.0041336817065086,0.00319775377295948,0.000311975977849706,0.0011699099169364,0.000623951955699411,0.00272978980618492,0.0166907148149592,0.000623951955699411,0.0197714775962251,0,0,0.00873532737979176,0.00191085286432945,0.00179386187263581,0.00276878680341614,0.005303591623445,0.132043832624888,0.000779939944624264,0.00822836641578598,0.000350972975080919,0.00588854658191319,0.00272978980618492,0.0106851772413524,0.00304176578403463,0.0159887688647974,0,0.00124790391139882,0.0047186366649768,0.0272199040673868,0.000818936941855477,0,0.00592754357914441,0.0684397301407792,0,0.00315875677572827,0.000701945950161837,0.0337324026049994,7.79939944624264e-05,0,0.00140389190032367
"SRR5761191",0.000334210636253499,0,0.00810460792914735,0.035008564147554,0.0169194134603334,0.000208881647658437,0.0231440865605548,0.0189664536073861,0.0162927685173581,0.0262355349458997,0.00146217153360906,0.00334210636253499,0,0.000250657977190124,0.113130300371809,0.00213059280611605,0.0059322387934996,0.00722730500898191,0.00818816058821072,0.000417763295316873,0.000668421272506998,0.000668421272506998,0,0,0,0.0137026360863934,0,0,0.00108618456782387,0.0327944186823746,0,0,0.00630822575928479,0.0375569202489869,0.0114049379621506,0.00204704014705268,0.000877302920165434,0,0,0.00146217153360906,0.00125328988595062,0.00488783055520742,0.0170865187784601,0,0.00401052763504198,0.000835526590633747,0,0,0.000960855579228809,0.000459539624848561,0.00325855370347161,0.00137861887454568,0.128838200275724,0.00309144838534486,0.00426118561223211,0.000375986965785186,0,0.00175460584033087,0.00313322471487655,0.00643355474787985,0.000751973931570372,0.00313322471487655,0.0126582278481013,0.000543092283911936,0.022183230981326,0.0010026319087605,0.000960855579228809,0.000668421272506998,0.0383924468396207,0.00735263399757697,0.0955006893094373,0.00417763295316873,0.0292852070017128,0.00969210845135146,0.072690813385136,0.000668421272506998,0.000167105318126749,0.0101516480762,0.0358023144086561,0.00242302711283787,0,0.000751973931570372,0.0493796215064544,0.000208881647658437,0,0
"SRR5761182",0.000824499411071849,0,0.00184530820573223,0.0272477424420887,0.0614448370632116,0,0.0120141342756184,0.038201806046329,0.00620337652139772,0.00306242638398115,0.00345504515115823,0.0113466823714174,0.000117785630153121,0.00157047506870828,0.0594817432273263,0.00459363957597173,0.0104436592069101,0.00298390263054574,0.0027875932469572,0,0.000510404397330192,0.000942285041224971,0,0,0,0.00702787593246957,0,0.00365135453474676,0.000745975657636435,0.102630545740086,0,0.00251276010993325,0.0049469964664311,0,0.0294464075382803,0.000392618767177071,0.000510404397330192,0.000235571260306243,0.000942285041224971,0.00235571260306243,0.00310168826069886,0.00259128386336867,0.0060855908912446,0,0,0.0049469964664311,0,0.00141342756183746,0.00157047506870828,0.00302316450726345,0.0140950137416569,0,0.237338044758539,0.000745975657636435,0.000431880643894778,0,0,0.00777385159010601,0,0.0122104436592069,0.00263054574008638,0.00247349823321555,0.0302709069493522,0.00129564193168433,0.0173537495092265,0.00706713780918728,0.00255202198665096,0.0038476639183353,0.0654102866117,0.0032979976442874,0.0338437377306635,0,0.00180604632901453,0,0.0244601491951315,0.000117785630153121,0,0,0.0177071063996859,0,0,0.00137416568511975,0.0779740871613663,0.000196309383588536,0,0
"SRR5761162",0.000720827679782904,0.000127204884667571,0.00067842605156038,0.019674355495251,0.00373134328358209,0,0.0113212347354138,0.015222184531886,0.00911635006784261,0.0103459972862958,0.00330732700135685,0.00279850746268657,0.000466417910447761,0.000763229308005427,0.0256529850746269,0.00398575305291723,0.000848032564450475,0.00864993215739484,0.00110244233378562,0,0,0,0.000890434192672999,0,0,0.00390094979647218,0.000254409769335142,0.00139925373134328,0.000890434192672999,0.029384328358209,0.001780868385346,0.000848032564450475,0.0108124151967436,0.00245929443690638,0.00449457259158752,0.00576662143826323,0.00033921302578019,0,0.000890434192672999,0,0.00067842605156038,0,0.00657225237449118,0,0.0016112618724559,0,0.000296811397557666,0.000254409769335142,0.00131445047489824,0.00835312075983718,0.0100491858887381,0.00122964721845319,0.117579715061058,0.00165366350067843,0.00203527815468114,0.000508819538670285,0,0.00343453188602442,0,0.00165366350067843,0,0.00233208955223881,0.0756869063772049,0.00131445047489824,0.00983717774762551,0.00551221166892809,0.00106004070556309,0,0.0153917910447761,0.001780868385346,0.0192927408412483,0.0277306648575305,0.00377374491180461,0.0156462008141113,0.0388398914518317,0.000508819538670285,0,0.00479138398914518,0.06686736770692,0.000169606512890095,0.000169606512890095,0.00203527815468114,0.0348541383989145,0,0,0.00033921302578019
"SRR5761051",0,0.000197964920616067,0.00225680009502316,0.0420081561547294,0.0852436948172784,0.000673080730094627,0.0283089836480976,0.0521043671061488,0.0140555093637407,0.00106901057132676,0.000277150888862494,0.00154412638080532,0,0.00110860355544997,0.0273191590450172,0.00138575444431247,0.0112048145068694,0.0023755790473928,0.0552718058360059,0.00194005622203745,0.0005938947618482,0.0032466246981035,0,0,0.0244684641881459,0.00605772657085164,0,0.00395929841232134,0.00114819653957319,0.0884111335471355,0.00154412638080532,0,0.0023755790473928,0,0.0110464425703765,0.0310013065684761,0.000435522825355347,0.000395929841232134,0.000554301777724987,0,0,0.0304074118066279,0.000910638634833907,0.00546383180900344,0.00035633685710892,0.00348418260284278,0.000395929841232134,0.000514708793601774,0.00102941758720355,0.00427604228530704,0.0134616146018925,0.00162331234905175,0.0920140951023479,0.00217761412677673,0.000791859682464267,0.000633487745971414,0.00114819653957319,0.0253395098388566,0.0198360850457299,0.00938353723720157,0.00154412638080532,0.00677040028506949,0.0641802272637289,0.00154412638080532,0.0383656016153937,0,0.0120758601575801,0.00498871599952488,0.00570138971374272,0.00498871599952488,0.0177772498713228,0,0.00498871599952488,0,0.0237953834580512,0.00205883517440709,0,0.0251811379023637,0.0321495031080493,0,0,0,0.00217761412677673,0,0,0
"SRR5761054",0,0,0.00104275286757039,0.0771637122002086,0.00238343512587517,0.000794478375291723,0.00332687819653409,0.01151993644173,0.000794478375291723,0.0025820547196981,0.00124137246139332,0.0245791747355877,0.00466756045483887,0.00218481553205224,0.114007646854362,0.00605789761159938,0.0183226575301654,0.0128606187000348,0.00804409354982869,0.00764685436218283,0.00074482347683599,0.00278067431352103,0,0,0,0.00983166989423507,0,0.0027310194150653,0.00124137246139332,0.211927106609067,0.00124137246139332,0.00238343512587517,0.00695168578380257,0.000844133273747455,0.00541238393167486,0.00724961517453697,0.000844133273747455,0,0.0045682506579274,0,0.00178757634440638,0.000943443070658921,0.0322756839962262,0.000943443070658921,0.000993097969114653,0.000297929390734396,0,0.000148964695367198,0.000993097969114653,0,0.0125626893093004,0.00342618799344555,0.137593723620835,0.000695168578380257,0,0,0,0.00556134862704206,0,0.00153930185212771,0,0.000496548984557327,0.0365460052634192,0,0.0027310194150653,0.050697651323303,0.00238343512587517,0.000397239187645861,0.0228909081880928,0.00675306618997964,0.00431997616564874,0.00163861164903918,0.00178757634440638,0,0.0316301703163017,0.000695168578380257,0,0.00600824271314365,0.000248274492278663,0.000496548984557327,0,0.000695168578380257,0.0467749143453002,9.93097969114653e-05,0,0.00198619593822931
"SRR5760855",0,0.010831234256927,0.000906801007556675,0.0148614609571788,0.00141057934508816,0,0.0192443324937028,0.0194458438287154,0.00277078085642317,0.00649874055415617,0.00146095717884131,0.0304282115869018,0.00287153652392947,0.00307304785894207,0.0144584382871537,0.00115869017632242,0.000654911838790932,0.00317380352644836,0.000654911838790932,0,0.00120906801007557,0,0.00206549118387909,0.000503778337531486,0,0.00594458438287154,0.0132997481108312,0.0017632241813602,0,0.0198992443324937,0.00161209068010076,0,0.000806045340050378,0,0.00881612090680101,0.000604534005037783,0.000856423173803526,0.000755667506297229,0.00181360201511335,0.00100755667506297,0.000503778337531486,0.00508816120906801,0.000403022670025189,0.00614609571788413,0.000503778337531486,0,0,0.00977329974811083,0.0107808564231738,0.0527959697732997,0.00836272040302267,0,0.25919395465995,0.000403022670025189,0,0.000251889168765743,0,0.0140050377833753,0,0.00221662468513854,0.000453400503778338,0.0035264483627204,0.0344584382871536,0.00115869017632242,0.0208060453400504,0,0.0179848866498741,0.0109823677581864,0.00357682619647355,0.00201511335012594,0.00891687657430731,0.000705289672544081,0.000604534005037783,0.011183879093199,0.00574307304785894,0.087808564231738,0.00110831234256927,0,0.0835264483627204,0.00801007556675063,0.00392947103274559,0.0606045340050378,0.0102267002518892,0.000503778337531486,0,0.00770780856423174
"SRR5760853",0,0.00352351267109364,0.000406559154356959,0.0154944211049374,0.000767945069340922,0,0.0120160816732168,0.0105705380132809,0.00243935492614175,0.00501422957040249,0.00158106337805484,0.0364999774133803,0.0113836563219948,0.00225866196864977,0.0216379816596648,0.00234900844739576,0.000948638026832904,0.00420111126168858,0,0.00176175633554682,0.00185210281429281,0,0.00311695351673669,0.000587252111848941,0,0.00456249717667254,0.00402041830419659,0.00239418168676876,0,0.0384424267064191,0.000677598590594932,0,0.00248452816551475,0.00049690563310295,0.0177982563129602,0,0.000677598590594932,0.00144554365993585,0.00216831548990378,0,0.000813118308713918,0.00180692957491982,0,0.000632425351221936,0.000451732393729954,0.000316212675610968,0.000451732393729954,0.00614356055472738,0.00641459999096535,0.0258390929213534,0.0175723901160952,0,0.308036319284456,0.000587252111848941,0,0,0,0.00487870985228351,0,0.00126485070244387,0.000813118308713918,0.00406559154356959,0.0290012196774631,0.000361385914983964,0.0262456520757103,0,0.00763427745403623,0.00338799295297466,0.00365903238921263,0.00158106337805484,0.00686633238469531,0.00112933098432489,0.000858291548086913,0.0168496182861273,0.00524009576726747,0.161223291322221,0.00234900844739576,0,0.0627004562497177,0.00767945069340922,0.00320729999548268,0.0165785788498893,0.00645977323033835,9.03464787459909e-05,0,0.00239418168676876
"SRR5760852",0,0.0191351755839436,0.000481051900155006,0.00817788230263509,0.0306269709765354,0,0.0208990325511786,0.0297183173873537,0.00219145865626169,0.00235180928964669,0.00176385696723502,0.00422256667913838,0,0.00160350633385002,0.0133625527820835,0.000427601689026672,0,0.0031535624565717,0.00101555401143835,0.000213800844513336,0,0,0.00053450211128334,0.000213800844513336,0,0.00326046287882837,0,0.000694852744668341,0,0.00571917259073173,0,0.000855203378053343,0,0,0.000106900422256668,0.00144315570046502,0.000855203378053343,0,0,0.000694852744668341,0.000374151477898338,0.0180127211502485,0.00561227216847507,0.00155005612272168,0,0.00155005612272168,0.00171040675610669,0.00758992998022342,0.000801753166925009,0.0149660591159335,0.00545192153509006,0.000587952322411674,0.162435191619007,0.00748302955796675,0,0.000587952322411674,0,0.0260302528194986,0,0.00497086963493506,0.00470361857929339,0.00326046287882837,0.111122988935806,0.00176385696723502,0.0242663958522636,0.00657437596878508,0.0401411085573788,0.00593297343524507,0.0546795659842856,0.00187075738949169,0.0061467742797584,0.0660110107434924,0,0.000374151477898338,0.00587952322411673,0.00106900422256668,0.000106900422256668,0,0.189053396760917,0.000374151477898338,0.00165695654497835,0.00571917259073173,0.00978138863648511,0.000748302955796675,0,0.00101555401143835
"SRR5761086",0,0.000609584544687236,0.000375128950576761,0.0109256306855482,0.00295414048579199,0,0.0250867485698209,0.00515802307043046,0.00351683391165713,0.0312763762543374,0,0.0309950295414049,0.0076432523680015,0.00825283691268874,0.0179124073900403,0.000609584544687236,0.00126606020819657,0.000375128950576761,0,0.00332926943636875,0.000703366782331426,0,0,0.000234455594110475,0,0.00525180530807465,0,0.00168808027759542,0,0.00637719215980493,0,0,0,0.00018756447528838,0.000562693425865141,0.000562693425865141,0.000890931257619807,0,0.00107849573290819,0,0,0.00492356747631999,0,0.000468911188220951,0,0.000328237831754666,0,0.000890931257619807,0.00773703460564569,0.000937822376441902,0.0211478945887649,0,0.531463940729626,0.0047360030010316,0,0.00018756447528838,0,0.00309481384225828,0,0,0,0.000750257901153522,0.0223670636781394,0.00206320922817218,0.0115821063490575,0.00407952733752227,0.000281346712932571,0.00309481384225828,0.00431398293163275,0.00492356747631999,0,0.00248522929757104,0.000797149019975617,0.00881553033855388,0.0779799306011441,0.0200225077370346,0.000234455594110475,0,0.0019225358717059,0.0366688549188784,0.000609584544687236,0.0235862327675138,0.00806527243740036,0.000984713495263997,0,0.000797149019975617
"SRR5761141",0.000169018845601285,0.000704245190005352,0.000676075382405138,0.0171272430209302,0.215977914870841,0.0014084903800107,0.00408462210203104,0.0222259781965689,0.00276064114482098,0.000929603650807065,0,0,0,0.000112679230400856,0.0112960928476859,0,0.00149299980281135,0.00977492323727429,0.0300853545170286,0,0,0.00115496211160878,0,0,0,0.000816924420406209,0,0,0.00061973576720471,0.00552128228964196,0.000732414997605566,0.000422547114003211,0.000253528268401927,0,0.000901433843206851,0.000281698076002141,0.000197188653201499,0,0,0.00842277247246401,0,0.00521141440603961,0.00233809403081777,0.00270430152962055,0.000816924420406209,0,0.00061973576720471,0.000197188653201499,0.000253528268401927,0.00177469787881349,0,0.000422547114003211,0.0531282571340038,0.000788754612805995,0.000225358460801713,0.00112679230400856,0.000309867883602355,0.0327896560466492,0.00932420631567086,0.00061973576720471,0.00264796191442012,0.00284515056762162,0.0455787486971464,0.00121130172680921,0.00909884785486915,0,0.00940871573847151,0.0107045268880814,0.0668751232429083,0.00270430152962055,0.025268317417392,0,0.00138032057241049,0,0.0234936195385786,0,0,0,0.042367390630722,0,0.00377475421842869,0.00715513113045438,0.261669342798389,0.00146482999521113,0.000366207498802783,0
"SRR5761142",0.000136184120931499,0.000272368241862999,0.00142993326978074,0.0272368241862999,0.0176358436606292,0.00251940623723274,0.0443279313632031,0.0125970311861637,0.00503881247446548,0.00129374914884924,0.00217894593490399,0.0119161105815062,0,0.00136184120931499,0.0844341549775296,0.00122565708838349,0.0131417676698897,0.00776249489309546,0.00177039357210949,0.000749012665123247,0,0.0135503200326842,0.00115756502791774,0.000204276181397249,0,0.0168187389350402,0,0.00660492986517772,0.00115756502791774,0.0285305733351491,0.000817104725588996,0.00183848563257524,0.00558354895819147,0,0.0227427481955604,0,0,0.000476644423260248,0.00265559035816424,0.00163420945117799,0,0.00449407599073948,0.00299605066049299,0.000408552362794498,0,0.00142993326978074,0,0,0.00469835217213673,0.000953288846520496,0.00912433610241046,0.00340460302328748,0.0948522402287893,0.0115075582187117,0,0,0,0.0146397930001362,0.00755821871169822,0.00442598393027373,0,0.00442598393027373,0.0426256298515593,0.00183848563257524,0.0120522947024377,0.00279177447909574,0.0194062372327387,0.00762631077216397,0.0262835353397794,0.00612828544191747,0.115416042489446,0,0.00932861228380771,0,0.0294838621816696,0,0,0,0.0330246493258886,0,0.00463026011167098,0.000136184120931499,0.054133188070271,0,0,0
"SRR5761145",0.000220070422535211,0,0.00601525821596244,0.00902288732394366,0.0775381455399061,0.00359448356807512,0.0843603286384977,0.0260416666666667,0.00388791079812207,0.00916960093896714,0.00124706572769953,0,0,0.00462147887323944,0.034037558685446,0.000660211267605634,0.00102699530516432,0.00638204225352113,0.0131308685446009,0.000366784037558685,0,0.00117370892018779,0.00286091549295775,0.000293427230046948,0,0.00264084507042254,0,0.000293427230046948,0.00344776995305164,0.0131308685446009,0,0.000220070422535211,0.0045481220657277,0.00146713615023474,0.0134976525821596,0.00550176056338028,0,0,0.00557511737089202,0,0,0.000660211267605634,0.00227406103286385,0,0.00264084507042254,0.00051349765258216,0.000440140845070423,0.00051349765258216,0.000440140845070423,0.0131308685446009,0.0309565727699531,0.00242077464788732,0.13893779342723,0.00520833333333333,0,0,0,0.0164319248826291,0.00264084507042254,0.00242077464788732,0.00183392018779343,0.00176056338028169,0.0662411971830986,0.00212734741784038,0.0133509389671362,0,0.00586854460093897,0.00997652582159624,0.0203931924882629,0.00183392018779343,0.00726232394366197,0.12162558685446,0,0.000366784037558685,0.00484154929577465,0,0,0.00425469483568075,0.109008215962441,0,0,0.00220070422535211,0.0221537558685446,0,0,0
"SRR5761144",0,0.000136710072114563,0.000410130216343689,0.0223179192727024,0.114938993130319,0.00663043849755631,0.0234115998496189,0.0150722854506306,0.00827095936293106,0.00502409515021019,0.00328104173074951,0.00102532554085922,0,0.012372261526368,0.0286749376260296,0,0.0105266755528214,0.00690385864178543,0.00297344406849175,0.0018455859735466,0,0.00420383471752281,0,0.00112785809494515,0,0.0108000956970505,0,0.000581017806486893,0.00105950305888786,0.0748829420007519,0.000512662770429611,0.000717727878601456,0.00557093543866844,0.0025974913701767,0.0171912915684063,0.00198229604566116,0,0,0.00102532554085922,0.0101507228545063,0,0.00413547968146553,0.00246078129806213,0.000170887590143204,0.000956970504801941,0.000751905396630097,0.000478485252400971,0.000751905396630097,0.00256331385214806,0.000820260432687378,0.0153115280768311,0,0.12973785843672,0.000991148022830582,0,0.000717727878601456,0,0.0147305102703442,0.0044430773437233,0,0.00451143237978058,0.00317850917666359,0.0433370928603165,0.00140127823917427,0.0824703510031101,0,0.00686968112375679,0.000512662770429611,0.00912539731364708,0.00191394100960388,0.112922519566629,0,0.00283673399637718,0.0016746983834034,0.0223520967907311,0,0,0.000854437950716019,0.0201989131549267,0,0.00129874568508835,0.000273420144229126,0.0214293038039578,0,0,0
"SRR5761011",0,0.00126110977660341,0.00042036992553447,0.00600528465049243,0.00150132116262311,0,0.00732644727360077,0.00756665865962047,0.00378332932981023,0.00726639442709584,0,0.00138121546961326,0,0.000660581311554168,0.0162142685563296,0,0.0159140043238049,0.00630554888301705,0.0488830170550084,0,0,0.000300264232524622,0,0,0.00324285371126591,0.00576507326447274,0.00648570742253183,0,0,0.00870766274321403,0,0.000660581311554168,0,0.000660581311554168,0.00228200816718712,0,0,0,0.00162142685563296,0.00462406918087917,0.000900792697573865,0.00186163824165265,0,0.000240211386019697,0.000180158539514773,0,0,0,0.00108095123708864,0,0.00348306509728561,0,0.124489550804708,0.00108095123708864,0.000300264232524622,0,0.00156137400912803,0.0366322363680038,0.00384338217631516,0.00462406918087917,0.00042036992553447,0.0175954840259428,0.0622147489791016,0,0.0264833053086716,0.000540475618544319,0.00834734566418448,0.000300264232524622,0.102510208983906,0.00144126831611818,0.00702618304107615,0.00240211386019697,0.00264232524621667,0,0.0110497237569061,0.00828729281767956,0,0,0.289935142925775,0,0.0044439106413644,0.00042036992553447,0.0350708623588758,0.00228200816718712,0.0143526303146769,0.00102089839058371
"SRR5761026",0,0.000720080649032692,0,0.00244827420671115,0.000192021506408718,0.00110412366185013,0.00422447314099179,0.0122413710335558,0.00571263981565935,0.00393644088137871,0.00086409677883923,0.00206423119389372,0,0.00196822044068936,0.017377946329989,0,0.000144016129806538,0.00364840862176564,0.0319715808170515,0,0,0.00177619893428064,0.000336037636215256,0,0.00216024194709808,0.00196822044068936,0,0.0016321828044741,0,0.0184820699918391,0.000240026883010897,0,0.00240026883010897,0.000336037636215256,0.00220824732370025,0.00412846238778743,0,0,0.000432048389419615,0.00264029571311987,0,0,0,0.00398444625798089,0.00177619893428064,0.00144016129806538,0,0,0.00177619893428064,0,0.0128654409293841,0,0.226825404445298,0.000336037636215256,0,0,0,0.00484854303682012,0.0160337957851279,0,0.000288032259613077,0.000336037636215256,0.0162258172915367,0,0.00580865056886371,0,0.000288032259613077,0.000432048389419615,0.0145936344870626,0.000480053766021794,0.0115212903845231,0,0.00292832797273295,0.00086409677883923,0.0285151937016946,0.00158417742787192,0,0.00259229033651769,0.0153617205126974,0,0.00120013441505449,0.000288032259613077,0.0251068119629398,0.00153617205126974,0,0.000480053766021794
"SRR5761027",0.00011611030478955,0.00238026124818578,0.0004644412191582,0.00568940493468795,0.000638606676342525,0.0415094339622641,0.0225834542815675,0.0208417997097242,0,0.00661828737300435,0.00238026124818578,0.00220609579100145,0,0.00296081277213353,0.00568940493468795,0.00220609579100145,0.00946298984034833,0.0143396226415094,0,0.000812772133526851,0.000406386066763425,0,0.00150943396226415,0.00911465892597968,0.0016255442670537,0.0013933236574746,0.00191582002902758,0.000406386066763425,0,0.0393613933236575,0.00104499274310595,0.000406386066763425,0,0.000812772133526851,0.00296081277213353,0,0.000870827285921626,0,0.00238026124818578,0.0027866473149492,0,0.00685050798258345,0.000986937590711176,0.0179390420899855,0.0006966618287373,0.00127721335268505,0,0,0.000290275761973875,0.00934687953555878,0.00516690856313498,0.000638606676342525,0.309317851959361,0.0025544267053701,0,0.0013933236574746,0,0.00940493468795356,0,0,0.0044121915820029,0.0173584905660377,0.0380841799709724,0,0.014978229317852,0.00574746008708273,0.00476052249637155,0.00522496371552975,0.047489114658926,0.00197387518142235,0.00801161103047895,0.0479535558780842,0.00214804063860668,0,0.00551523947750363,0.0429608127721335,0,0,0.0579970972423803,0,0.0032510885341074,0.00110304789550073,0.0802322206095791,0,0.00034833091436865,0.00214804063860668
"SRR5761146",0,0,0,0.00344043384453904,0.00297393434019476,0.000874686570645519,0.000816374132602484,0.00676424281299201,0.00268237214997959,0.00530643186191615,0.000874686570645519,0.00594786868038953,0,0.213831710303808,0.00268237214997959,0.00204093533150621,0.00600618111843256,0.000408187066301242,0.0047233074814858,0.00110793632281766,0,0.00180768557933407,0,0,0.00898011545862733,0.00390693334888332,0,0,0,0.00262405971193656,0,0,0,0.000932999008688553,0.00355705872062511,0.00116624876086069,0,0.000524811942387311,0,0,0,0,0,0,0,0,0,0.00367368359671118,0,0,0.00309055921628083,0,0.0120706746749082,0,0,0.000291562190215173,0,0.00139949851303283,0,0,0,0.000816374132602484,0.00198262289346318,0,0.000816374132602484,0.000874686570645519,0,0.000408187066301242,0.0120706746749082,0.000349874628258207,0.000408187066301242,0.00279899702606566,0.000233249752172138,0,0.00239080995976442,0.259840223919762,0,0.000583124380430346,0.0141116100064144,0,0,0,0.0228001632748265,0.000116624876086069,0,0
"SRR5761149",0,0.00302902225979149,0.000633981403212172,0.00563539025077487,0.0029585798816568,0.00570583262890955,0.0084530853761623,0.0728374189912651,0.00183150183150183,0.00817131586362356,0.000422654268808115,0.0100028176951254,0,0.00443786982248521,0.00633981403212172,0,0.00429698506621584,0.0204282896590589,0.000422654268808115,0.00218371372217526,0,0,0,0.00873485488870104,0.00633981403212172,0.00380388841927303,0.00415610030994646,0.00225415610030995,0,0.0178219216680755,0.0029585798816568,0,0,0.000281769512538743,0.0064806987883911,0.00105663567202029,0.00140884756269372,0,0.00112707805015497,0.00781910397295013,0.000563539025077487,0.000774866159481544,0,0.00394477317554241,0.000704423781346858,0,0.00140884756269372,0,0.014792899408284,0.00507185122569738,0.0103550295857988,0.000774866159481544,0.101225697379544,0.00281769512538743,0,0.00119752042828966,0.00267681036911806,0.0374753451676529,0,0.00133840518455903,0.00493096646942801,0.0126796280642434,0.0915750915750916,0,0.0237390814313891,0,0.0338827838827839,0.00359256128486898,0.0274020850943928,0.002465483234714,0.0225415610030995,0,0.010989010989011,0,0.00535362073823612,0.0268385460693153,0.00084530853761623,0.00133840518455903,0.0620597351366582,0,0.0102845872076641,0.00479008171315864,0.183150183150183,0.000915750915750916,0.00556494787264018,0
"SRR5761148",0,0.00169417422669144,0,0.00885342660400044,0.00442671330200022,0,0.00699530003279047,0.0119138703683463,0.0245382008962728,0.0622472401355339,0,0.00202207891572849,0.00180347578970379,0.0024592851677779,0.00448136408350639,0.00180347578970379,0.00185812657120997,0.00153022188217292,0.00530112580609903,0.000273253907530878,0,0.0169417422669144,0.00180347578970379,0,0,0.00158487266367909,0,0.00098371406711116,0.000546507815061755,0.0400590228440267,0,0,0,0.00158487266367909,0.00464531642802492,0.000437206252049404,0,0.00147557110066674,0.0143731555361242,0.000327904689037053,0.000929063285604984,0.0130068859984698,0,0,0,0,0,0,0.00398950704995081,0,0.0191277735271614,0,0.53371953218931,0.0131161875614821,0,0,0,0.00207672969723467,0,0.0051371734615805,0,0.00306044376434583,0.00431741173898787,0.00158487266367909,0.00049185703355558,0,0.00136626953765439,0,0.00836156957044486,0.00912668051153132,0.00098371406711116,0.0119685211498524,0,0.00601158596567931,0.00273253907530878,0,0.000874412504098809,0,0.0403869275330637,0.000874412504098809,0.000163952344518527,0.00852552191496338,0.0191277735271614,0,0,0
"SRR5761151",0,0.00173961450142648,0,0.040985317653608,0.0454387307772598,0,0.00334005984273885,0.0912253844548048,0.0194140978359196,0.0100201795282165,0.00173961450142648,0.0330526755271032,0.000487092060399416,0.00417507480342356,0.0352793820889291,0.00347922900285297,0.00382715190313826,0.0173961450142648,0.0201099436364902,0.00215712198176884,0.000487092060399416,0.0240066801196855,0.00549718182450769,0.000139169160114119,0,0.00709762716582005,0,0.00292255236239649,0,0.012873147310556,0.000835014960684712,0,0.00431424396353768,0.00215712198176884,0.00702804258576299,0.00201795282165472,0,0.00278338320228237,0.00918516456753183,0.00334005984273885,0.00327047526268179,0.00772388838633359,0.00167002992136942,0,0,0,0,0,0,0,0.0018787836615406,0,0.211606707953517,0.00327047526268179,0,0,0,0.00146127618119825,0.00375756732308121,0.00862848792707536,0,0.0193445132558625,0.0229629114188296,0.000974184120798831,0.00160044534131237,0,0.00243546030199708,0.00125252244102707,0.0418203326142927,0.0184399137151207,0.00835014960684712,0.0559460023658757,0.000835014960684712,0.0118293786097001,0.0303388769048779,0,0,0,0.0403590564330944,0.00118293786097001,0,0.000487092060399416,0.0558764177858187,0,0,0
"SRR5761153",0,0.00109489051094891,0,0.0736009732360097,0.00644768856447689,0.001338199513382,0.0212895377128954,0.0181265206812652,0.0072992700729927,0.0100973236009732,0.000851581508515815,0.0114963503649635,0,0.0024330900243309,0.00608272506082725,0.000608272506082725,0.0097323600973236,0.00504866180048662,0.0104014598540146,0.00103406326034063,0,0.000912408759124088,0.00231143552311436,0.00164233576642336,0.0135644768856448,0.00267639902676399,0.00164233576642336,0,0,0.0395377128953771,0.00048661800486618,0.000790754257907543,0,0,0.0097323600973236,0.000790754257907543,0,0,0.00255474452554745,0.0215328467153285,0,0.0114355231143552,0,0.0024330900243309,0.000425790754257908,0.00145985401459854,0.00170316301703163,0,0.00669099756690998,0.000547445255474453,0.01161800486618,0.00523114355231144,0.182846715328467,0.00480535279805353,0,0.00097323600973236,0.00158150851581509,0.01830900243309,0,0.00152068126520681,0.00614355231143552,0.0104014598540146,0.075669099756691,0.00267639902676399,0.0133211678832117,0.00194647201946472,0.0211070559610706,0.00352798053527981,0.0140510948905109,0.00875912408759124,0.0177615571776156,0,0.00127737226277372,0,0.00279805352798054,0.00304136253041363,0,0.00206812652068127,0.18625304136253,0,0.00158150851581509,0.000912408759124088,0.0495742092457421,0.00346715328467153,0.00401459854014599,0
"SRR5761152",0,0.000888324873096447,0,0.0118654822335025,0.0113578680203046,0.000888324873096447,0.0677664974619289,0.0118020304568528,0.0100253807106599,0.041751269035533,0.000317258883248731,0.0050761421319797,0,0.00152284263959391,0.0182741116751269,0,0.00418781725888325,0.00152284263959391,0.00856598984771574,0,0,0.00241116751269036,0.00171319796954315,0.00133248730964467,0.000317258883248731,0.00355329949238579,0,0.00133248730964467,0,0.0576776649746193,0,0,0.00152284263959391,0.000444162436548223,0.00285532994923858,0.000697969543147208,0,0.000761421319796954,0,0.00513959390862944,0.00526649746192893,0.00120558375634518,0.00203045685279188,0.000253807106598985,0.000253807106598985,0.00139593908629442,0.000571065989847716,0,0.00539340101522843,0.000824873096446701,0.0626903553299492,0.00532994923857868,0.186484771573604,0.0330583756345178,0,0.00120558375634518,0.000380710659898477,0.0645304568527919,0.00380710659898477,0.0049492385786802,0.00120558375634518,0.00342639593908629,0.0144670050761421,0.00260152284263959,0.0260152284263959,0.00184010152284264,0.0102791878172589,0.000761421319796954,0.00526649746192893,0.00774111675126904,0.028997461928934,0.00361675126903553,0.00139593908629442,0.00336294416243655,0.0446065989847716,0.000697969543147208,0,0,0.176840101522843,0,0.000888324873096447,0.000380710659898477,0.00355329949238579,0,0,0
"SRR5761155",0.000259504346697807,0,0.000778513040093422,0.0211496042558713,0.0232256390294537,0.00473595432723498,0.0797327105229013,0.0142727390683794,0.0297132476968989,0.013494226028286,0.0017516543402102,0.00356818476709485,0.00123264564681458,0.0112235629946802,0.0175814194887764,0,0.00253016738030362,0.00810951083430647,0.00564421954067731,0,0.000648760866744518,0,0.00103801738679123,0.00291942390035033,0,0.00570909562735176,0,0.000519008693395614,0,0.046386401972233,0,0,0,0,0,0.00493058258725834,0,0.000583884780070066,0.000583884780070066,0.00694174127416634,0.00142727390683794,0.00616322823407292,0.00227066303360581,0.000129752173348904,0.000519008693395614,0,0,0.000259504346697807,0.0144673673284028,0.0117425716880758,0.0216037368625924,0.0371091215777864,0.198066692617101,0.00285454781367588,0,0.00116776956014013,0.000389256520046711,0.0519008693395614,0.00467107824056053,0.00810951083430647,0.000648760866744518,0.0088880238743999,0.0428182172051382,0.00759050214091086,0.0534578954197483,0,0.00382768911379266,0.0170624107953808,0.0071363695341897,0.00979628908784222,0.0472946671856754,0,0.00123264564681458,0,0.00836901518100428,0.0385363954846244,0,0.00259504346697807,0.0587128584403789,0,0.000454132606721163,0,0.00447644998053717,0.000389256520046711,0,0
"SRR5761194",0,0,0,0.0282000284131269,0.000426196902969172,0,0.000852393805938344,0.00774257707060662,0,0,0.0004972297201307,0.00383577212672255,0,0.000639295354453758,0.00724534735047592,0.00113652507458446,0.00177582042903822,0.00859497087654496,0,0.00106549225742293,0,0,0.00227305014916892,0.00184685324619974,0,0.00355164085807643,0,0.00177582042903822,0,0.0271345361557039,0,0,0.00134962352606904,0.000142065634323057,0.000568262537292229,0,0,0.000568262537292229,0.00284131268646115,0.0102287256712601,0.0039778377610456,0.00106549225742293,0.0019889188805228,0.0004972297201307,0,0.000994459440261401,0.00262821423497656,0,0.00369370649239949,0.000710328171615286,0.0278448643273192,0.0182554340105129,0.369370649239949,0.0115073163801676,0,0.00106549225742293,0,0.0102997584884217,0,0,0.000923426623099872,0.0517829237107544,0.0183264668276744,0.004972297201307,0.0353033101292797,0.00277027986929962,0.00355164085807643,0,0.0247904531893735,0.0257849126296349,0.0464554624236397,0.00156272197755363,0,0,0.00255718141781503,0.0130700383577213,0,0,0.0854524790453189,0,0.0148458587867595,0,0.0157692854098594,0,0.000213098451484586,0.000213098451484586
"SRR5761195",0,0,0.000234852043212776,0.0151088147800219,0.072021293251918,0,0.0155002348520432,0.0198058556442774,0.0283388132143416,0.00712384531078754,0.00195710036010647,0.00673242523876624,0.00101769218725536,0.000391420072021293,0.0226240801628308,0.0022702364177235,0.00955064975731956,0.00273994050414905,0.0764051980585564,0.000469704086425552,0.000704556129638328,0.00164396430248943,0.0068107092531705,0.000313136057617035,0.0130734304055112,0.0201972757162987,0,0.000313136057617035,0,0.0594958509472366,0.00109597620165962,0,0,0.00125254423046814,0.0022702364177235,0.0058713010803194,0,0.0013308282448724,0.0122123062470643,0.00258337247534054,0.00187881634570221,0.0138562705495538,0.00383591670580867,0,0,0.0162830749960858,0,0,0.00344449663378738,0.00555816502270236,0.0159699389384688,0.00195710036010647,0.270627837795522,0.0036010646625959,0,0.0013308282448724,0,0.0049318929074683,0.00328792860497886,0.0194144355722561,0.000547988100829811,0.00853295757006419,0.0494754971034915,0.00156568028808517,0.00305307656176609,0.00266165648974479,0.00164396430248943,0.00297479254736183,0.0125254423046814,0.00688899326757476,0,0.0334272741506184,0.00289650853295757,0,0.0113511820886175,0.00532331297948959,0,0.00266165648974479,0.013621418506341,0,0,0,0.0142476906215751,0,0,0.00109597620165962
"SRR5761198",0,0.00175427604786667,0,0.0152872627028382,0.00707975690746194,0,0.0612117035273479,0.0289455547898001,0.0107136144351858,0.0220537560303239,0.00100244345592381,0.0040724265396905,0.000689179875947622,0.0029446776517762,0.0103376981392143,0.00801954764739051,0.00551343900758098,0.00275671950379049,0.0201741745504668,0.00156631789988096,0.000313263579976192,0.00187958147985715,0.00657853517950003,0.0016289706158762,0,0.00463630098364764,0.0037591629597143,0.00106509617191905,0,0.0625274105632479,0.00119040160390953,0.000626527159952384,0,0,0.00181692876386191,0,0.000563874443957146,0.00194223419585239,0,0.00770628406741432,0,0.0037591629597143,0.00131570703590001,0.00131570703590001,0.000501221727961907,0.00363385752772383,0.00263141407180001,0.000501221727961907,0.0152872627028382,0.0241212956581668,0.0198609109704906,0.00626527159952384,0.204749075872439,0.00682914604348098,0.00288202493578097,0.0227429359062715,0.00206753962784287,0.0583923313075622,0.000939790739928576,0.00319528851575716,0.00106509617191905,0.011026878015162,0.0857089154814861,0.0111521834471524,0.0174801077626715,0.000501221727961907,0.0142221665309191,0.00801954764739051,0.0182319403546144,0.00388446839170478,0.0264394461499906,0.00902199110331433,0.00194223419585239,0,0.0193596892425287,0.00870872752333814,0,0,0.0240586429421715,0,0,0,0.0270033205939477,0.00137835975189524,0.00037591629597143,0
"SRR5761199",0.000306372549019608,0.000459558823529412,0.00130208333333333,0.00536151960784314,0.0189950980392157,0,0.0183057598039216,0.0212162990196078,0.00367647058823529,0.0280330882352941,0,0.00275735294117647,0,0.000306372549019608,0.00337009803921569,0.00359987745098039,0.00344669117647059,0.00589767156862745,0.0409007352941176,0,0.000995710784313725,0,0.00903799019607843,0.000536151960784314,0,0.00352328431372549,0,0,0,0.025811887254902,0.00344669117647059,0,0,0.000306372549019608,0.00245098039215686,0,0.00229779411764706,0,0.00229779411764706,0,0.00038296568627451,0.00145526960784314,0.00206801470588235,0.00191482843137255,0.00260416666666667,0.00390625,0.000536151960784314,0,0.000995710784313725,0.000306372549019608,0.0238204656862745,0.0236672794117647,0.352405024509804,0.00842524509803922,0,0.00965073529411765,0.00283394607843137,0.0376838235294118,0.000995710784313725,0,0.00827205882352941,0.0247395833333333,0.0487898284313725,0,0.0175398284313725,0.00199142156862745,0.0111825980392157,0.00337009803921569,0.057061887254902,0.00291053921568627,0,0.00704656862745098,0,0,0.00804227941176471,0.00145526960784314,0,0,0.0458792892156863,0.000229779411764706,0.00842524509803922,0.000459558823529412,0.0298713235294118,0,0.000153186274509804,0.00589767156862745
"SRR5760933",0,0.00107043459644616,0,0.00877756369085849,0.00549489759509027,0,0.060158424320274,0.0190537358167416,0.0127024905444944,0.0300435310069221,0.00199814458003283,0.00264040533790052,0.00142724612859488,0.00478127453079284,0.0149860843502462,0.00777849140084208,0.00492399914365232,0.00356811532148719,0.0170555912367088,0.000856347677156926,0.00156997074145436,0.00121315920930564,0.00699350603011489,0.00171269535431385,0,0.00585170912723899,0.00149860843502462,0.000713623064297438,0,0.0978377221151788,0.000428173838578463,0.000999072290016413,0,0,0.00107043459644616,0,0.000713623064297438,0.0029258545636195,0.00092770998358667,0.00492399914365232,0.000570898451437951,0.00563762220794976,0.00142724612859488,0,0.000428173838578463,0.00385356454720617,0.00378220224077642,0.000642260757867694,0.0183401127524442,0.023121387283237,0.040391065439235,0.00670805680439592,0.242489117248269,0.00949118675515593,0.00221223149932206,0.0114893313351888,0.00128452151573539,0.0359666024405909,0,0.00235495611218155,0,0.00849211446513951,0.0805680439591808,0.0136302005280811,0.00899165061014772,0.000570898451437951,0.00913437522300721,0.0100620852065939,0.0174124027688575,0.00556625990152002,0.0164846927852708,0.00849211446513951,0.00135588382216513,0,0.019767358881039,0.0108470705773211,0,0,0.00842075215870977,0,0,0.000142724612859488,0.0171269535431385,0.0017840576607436,0.000499536145008207,0
"SRR5760929",0,0.000982237865269706,0.000818531554391422,0.0523041663256118,0.00998608496357535,0.00245559466317427,0.0157158058443153,0.00499304248178767,0.0461651796676762,0.0133420643365802,0.00130965048702627,0.00180076941966113,0.00654825243513137,0.00270115412949169,0.00270115412949169,0,0.000818531554391422,0.0015552099533437,0.00171891626422199,0,0.000654825243513137,0.00401080461651797,0.00556601456986167,0.000572972088073995,0.00163706310878284,0.00622083981337481,0.000572972088073995,0,0,0.0308586396005566,0,0,0.000982237865269706,0.00130965048702627,0.0031104199066874,0.0015552099533437,0,0,0,0.00417451092739625,0.000409265777195711,0.0433003192273062,0,0,0,0.000245559466317427,0,0.00073667839895228,0.00933125972006221,0.0222640582794467,0.0253744781861341,0.0103134975853319,0.465335188671523,0.0197266104608333,0.00392895146107882,0.00327412621756569,0.000572972088073995,0.00409265777195711,0,0.029958254890726,0,0.00401080461651797,0.0275026602275518,0.0165343373987067,0.0130965048702627,0,0.00261930097405255,0.00548416141442253,0.011541294916919,0.00793975607759679,0.0073667839895228,0.00139150364246542,0,0.00106409102070885,0.00548416141442253,0.000982237865269706,0,0.000654825243513137,0.0131783580257019,0,0.000572972088073995,0.00114594417614799,0.00548416141442253,0.000572972088073995,0,0
"SRR5760928",0.000194527298664246,0.00181558812086629,0.000129684865776164,0.0046686551679419,0.000972636493321229,0,0.056931656075736,0.00382570354039684,0.00518739463104656,0.054597328491765,0,0,0,0.00460381273505382,0.00635455842303203,0.00116716379198548,0.000389054597328492,0.00032421216444041,0,0,0,0.00265853974841136,0.00194527298664246,0,0.00317727921151602,0.00434444300350149,0.000194527298664246,0,0,0.0645182207236416,0,0,0,0.00136169109064972,0.00032421216444041,0,0,0.000518739463104656,0.00817014654389833,0.0025288548826352,0.00110232135909739,0.00726235248346518,0.00129684865776164,0,0,0.00064842432888082,0,0,0.00149137595642589,0.0352742834911166,0.0527817403708987,0.00337180651018026,0.427117105433796,0.0328102710413695,0,0.00278822461418752,0.000907794060433147,0.0130333290105045,0,0.00181558812086629,0.000842951627545065,0.00330696407729218,0.00473349760082998,0.000713266761768902,0.00201011541953054,0.00421475813772533,0.0025288548826352,0.00201011541953054,0.063286214498768,0.000389054597328492,0.0021398002853067,0,0.00032421216444041,0.000194527298664246,0.00674361302036052,0.00583581895992738,0.000518739463104656,0,0.0460381273505382,0,0.0135520684736091,0.0131630138762806,0.00285306704707561,0.00687329788613669,0,0.000194527298664246
"SRR5760935",0,0,0,0.0255636829801674,0.00120654550938843,0.0139506824523037,0.0248850011311364,0.0107080913958223,0.00422290928285951,0.0105572732071488,0,0.0019606364527562,0.00565568207525828,0.00158359098107232,0.0101048186411281,0.00105572732071488,0.000980318226378101,0.000603272754694216,0.00286554558479753,0,0.000452454566020662,0.00256390920745042,0.00158359098107232,0,0.00180981826408265,0.00256390920745042,0.00256390920745042,0.000301636377347108,0,0.087927003996682,0,0,0.000980318226378101,0.000527863660357439,0.00165900007540909,0,0,0.0029409546791343,0.00444913656586984,0,0.00173440916974587,0.0198325918105724,0.00113113641505166,0,0,0.00075409094336777,0,0,0.00218686373576653,0.0029409546791343,0.0227735464897067,0.0160621370937335,0.528843978583817,0.0157605007163864,0,0.00324259105648141,0,0.00927531860342357,0,0.00678681849030993,0,0.00120654550938843,0.00588190935826861,0.00633436392428927,0.00437372747153307,0,0.0039212729055124,0.00165900007540909,0.0181735917351633,0.00671140939597315,0.0039212729055124,0,0.00075409094336777,0.000377045471683885,0.00497700022622728,0.0604026845637584,0,0,0.00927531860342357,0,0,0.00128195460372521,0.0045999547545434,0.000452454566020662,0,0
"SRR5760934",0.00748813760379597,0.00185349940688019,0,0.0229092526690391,0.0130486358244365,0.0230575326215896,0.0493772241992883,0.00941577698695136,0.00659845788849348,0.00318801897983393,0.000667259786476868,0.00518979833926453,0.00207591933570581,0.000741399762752076,0.00867437722419929,0,0.00281731909845789,0.000593119810201661,0.00103795966785291,0,0.000667259786476868,0.0048932384341637,0.00111209964412811,0,0.00467081850533808,0.00311387900355872,0,0.000444839857651246,0,0.0682829181494662,0,0,0.00118623962040332,0.000444839857651246,0.000815539739027283,0,0,0.00133451957295374,0.0118623962040332,0.00185349940688019,0.00177935943060498,0.01964709371293,0,0,0,0,0.000593119810201661,0,0.00919335705812574,0.00103795966785291,0.0256524317912218,0.000815539739027283,0.416295966785291,0.017867734282325,0,0.00185349940688019,0.00170521945432977,0.0087485172004745,0,0.0149021352313167,0.000889679715302491,0.00333629893238434,0.0122330960854093,0.00696915776986951,0.000815539739027283,0.000518979833926453,0.00504151838671412,0.00541221826809015,0.00815539739027283,0.00993475682087782,0,0,0.000444839857651246,0,0.00630189798339264,0.0974199288256228,0.000667259786476868,0,0.0194988137603796,0,0,0.00563463819691578,0.00252075919335706,0.0274317912218268,0.00133451957295374,0
"SRR5760979",0.01141069292353,0,0,0.0215330818073065,0.016011778779792,0.041133707554983,0.0221772338271832,0.0266862979663201,0.0033127818165087,0.00782184595564553,0,0.00414097727063587,0.000552130302751449,0.00340480353363394,0.00340480353363394,0,0.00128830403975338,0.00294469494800773,0.00450906413913684,0,0,0,0.000828195454127174,0.00147234747400386,0.000644152019876691,0.000552130302751449,0.000920217171252416,0,0,0.027790558571823,0,0.000920217171252416,0,0,0,0.00248458636238152,0,0,0.0161038004969173,0,0,0.0070856722186436,0.000920217171252416,0.000828195454127174,0,0.000920217171252416,0.000552130302751449,0,0.0033127818165087,0.0472071408852489,0.0102144106009018,0.00193245605963007,0.289132235207509,0.00174841262537959,0.000368086868500966,0.000644152019876691,0.00690162878439312,0.0551210085580197,0.00156436919112911,0,0.00174841262537959,0.00165639090825435,0.0422379681604859,0.00156436919112911,0.00386491211926015,0.00312873838225821,0.00561332474463973,0.00745375908714457,0.014079322720162,0.00184043434250483,0.00147234747400386,0,0,0,0.00156436919112911,0.113278733781172,0,0.00193245605963007,0.0862243489463513,0,0,0.00165639090825435,0.0207969080703046,0.00303671666513297,0.000920217171252416,0.00174841262537959
"SRR5760976",0,0.00103419746276889,0,0.00744622173193602,0.0612244897959184,0,0.027095973524545,0.0273028130170987,0.00413678985107557,0.0336458907887479,0.000758411472697187,0.000827357970215113,0,0.00255102040816327,0.00944567015995587,0,0.00937672366243795,0.0015857694429123,0.00372311086596801,0.00034473248758963,0,0.00255102040816327,0.00213734142305571,0,0.0273717595146167,0.0076530612244898,0,0,0,0.027992277992278,0,0.000551571980143409,0,0.000137892995035852,0.000620518477661335,0.00172366243794815,0.000689464975179261,0.00206839492553778,0,0,0,0,0.00779095421952565,0,0,0.00551571980143409,0.00103419746276889,0.000413678985107557,0,0.000758411472697187,0.037300055157198,0.00654991726420298,0.524200220628792,0.0047573083287369,0.00179260893546608,0.00255102040816327,0.00696359624931053,0.0215113072255929,0.00220628792057364,0.00268891340319912,0,0.00854936569222283,0.0383342526199669,0.000965250965250965,0.00668781025923883,0.00241312741312741,0.00351627137341423,0.00268891340319912,0.00386100386100386,0.00199944842801986,0,0.00572255929398787,0.00172366243794815,0,0.00199944842801986,0.00558466629895201,0,0.00220628792057364,0.00668781025923883,0,0,0,0,0.000896304467733039,0.000620518477661335,0.000620518477661335
"SRR5760972",0.00409836065573771,0,0,0.0120172270075021,0.00423728813559322,0,0.0500138927479856,0.00354265073631564,0.0123645457071409,0.0080577938316199,0.000347318699638789,0.00305640455682134,0.00236176715754376,0.000972492358988608,0.00618227285357044,0,0.000625173659349819,0.000972492358988608,0,0,0,0.0145873853848291,0.00118088357877188,0,0.00187552097804946,0.00375104195609892,0.000972492358988608,0.000277854959711031,0,0.0332731314253959,0,0,0,0.000486246179494304,0,0,0,0,0.0090302861906085,0,0.000972492358988608,0.01146151708808,0,0,0,0.00138927479855515,0,0,0.00243123089747152,0,0.0280633509308141,0.00201444845790497,0.606835232008891,0.0168102250625174,0,0.000416782439566546,0.00187552097804946,0.0129897193664907,0,0.00951653237010281,0.000972492358988608,0.000486246179494304,0.00555709919422062,0.00159766601833843,0.000625173659349819,0.000694637399277577,0,0.000972492358988608,0.0360516810225062,0.00590441789385941,0,0.000208391219783273,0,0,0.00173659349819394,0,0.00125034731869964,0,0.0108363434287302,0,0.00125034731869964,0.0377882745207002,0.0162545151430953,0.00326479577660461,0,0
"SRR5760970",0.00460122699386503,0,0,0.0103101567825494,0.00758350374914792,0.0192569870483981,0.0229209270620314,0.00843558282208589,0,0.00630538513974097,0.000937286980231766,0.0055385139740968,0,0.000681663258350375,0.010480572597137,0.00153374233128834,0.00110770279481936,0.00451601908657123,0.00613496932515337,0.000255623721881391,0.00102249488752556,0,0.00144853442399455,0.000681663258350375,0.0053680981595092,0.00170415814587594,0.00204498977505112,0,0,0.0599011588275392,0,0,0,0,0.000511247443762781,0,0,0,0.00630538513974097,0.0188309475119291,0.000852079072937969,0.00843558282208589,0.00383435582822086,0.0028118609406953,0.000426039536468984,0.00366394001363327,0.000681663258350375,0,0.00238582140422631,0.0958588957055215,0.0141445126107703,0.0458418541240627,0.148602590320382,0.00374914792092706,0,0.00460122699386503,0.011332651670075,0.080521472392638,0.000852079072937969,0,0.00323790047716428,0.00954328561690525,0.0322085889570552,0.00195978186775733,0.0119291070211316,0.00698704839809134,0.00715746421267894,0.0028118609406953,0.010906612133606,0.00681663258350375,0.00570892978868439,0,0.000511247443762781,0,0.00102249488752556,0.0208759372869802,0.000511247443762781,0,0.212934560327198,0,0.00519768234492161,0.000511247443762781,0.005453306066803,0.00144853442399455,0.000511247443762781,0
"SRR5760971",0,0,0,0.0217255392310097,0,0,0.0127383557361676,0.00171928727727415,0.0282119412316349,0.0195373554235699,0,0.00851828696467646,0,0.00164113785557987,0.0060956548921538,0,0,0.000859643638637074,0,0,0.00101594248202563,0.00906533291653642,0,0,0.00234448265082838,0.00273522975929978,0.000312597686777118,0.000390747108471397,0,0.0728352610190685,0,0,0.000859643638637074,0.00156298843388559,0,0.000703344795248515,0,0.000390747108471397,0.105267271022194,0,0.00140668959049703,0.0243826195686152,0.00140668959049703,0,0,0.00109409190371991,0,0,0,0,0.0441544232572679,0.00586120662707096,0.545404814004376,0,0,0,0,0,0,0.0108627696155048,0,0.000390747108471397,0.00164113785557987,0.00250078149421694,0.000547045951859956,0.00101594248202563,0.00242263207252266,0.000547045951859956,0.0175054704595186,0.00726789621756799,0,0.00203188496405127,0.000156298843388559,0.000937793060331354,0.00656455142231947,0.00820568927789934,0,0,0,0.000234448265082838,0,0.00468896530165677,0.00359487339793686,0.000468896530165677,0,0
"SRR5761098",0.0142818280739935,0.000340043525571273,0,0.00802502720348205,0.0262513601741023,0,0.014689880304679,0.0180903155603917,0.00550870511425462,0.00251632208922742,0,0.00142818280739935,0,0.000748095756256801,0.00210826985854189,0,0.000544069640914037,0.00496463547334059,0.00401251360174102,0,0.000340043525571273,0.00115614798694233,0.00115614798694233,0.000612078346028292,0,0.00204026115342764,0,0,0,0.0201305767138194,0.000476060935799782,0,0,0.000136017410228509,0,0,0,0,0,0.0161860718171926,0.00122415669205658,0.0135337323177367,0.000748095756256801,0.00183623503808487,0,0.00115614798694233,0.000952121871599565,0,0.000680087051142546,0.000204026115342764,0.00775299238302503,0.02189880304679,0.158392274211099,0.0267954298150163,0,0.000272034820457019,0,0.285228509249184,0.00115614798694233,0.00115614798694233,0.0102693144722524,0.00754896626768226,0.0197905331882481,0.00156420021762786,0.0100652883569097,0.00238030467899891,0.00544069640914037,0.00204026115342764,0,0.0166621327529924,0.00591675734494015,0.00108813928182807,0,0,0.00340043525571273,0,0,0,0.201985854189336,0,0.00448857453754081,0.000340043525571273,0.00197225244831338,0,0,0
"SRR5760924",0.0131696031322299,0,0,0.0122797650827549,0.000830515512843329,0.00433054517411165,0.0272290443139349,0.0104407664471733,0.00350002966126832,0.0138814735718099,0,0.00112712819600166,0.00207628878210832,0.000830515512843329,0.00403393249095331,0,0.00278815922168832,0.00563564098000831,0.00296612683158332,0.000237290146526665,0.000593225366316664,0,0.00183899863558166,0.00148306341579166,0,0.00172035356231832,0.00409325502758498,0,0,0.062051373316723,0,0,0.000711870439579996,0,0.000355935219789998,0,0,0,0.0106187340570683,0.00664412410274663,0.000711870439579996,0.0130509580589666,0,0.00112712819600166,0,0.000830515512843329,0.00160170848905499,0.00100848312273833,0.00569496351663997,0.0277629471436199,0.0386782938838465,0.0352969092958415,0.226968025152756,0.0220086610903482,0.00397460995432165,0.00480512546716498,0.00243222400189832,0.0542207984813431,0.000771192976211663,0,0.00415257756421665,0.0201696624547666,0.0167289553301299,0.00189832117221332,0.0166696327934982,0.000949160586106662,0.00361867473453165,0.000949160586106662,0.0177967609894999,0.00955092839769829,0,0.00154238595242333,0.00065254790294833,0,0.0101441537640149,0.0485258349647031,0,0,0.142255442842736,0,0.00308477190484665,0.00990686361748828,0.0292460105594115,0.00207628878210832,0.00444919024737498,0.00213561131873999
"SRR5760922",0.00611586789725342,0.00205715556543979,0.00461470032247303,0.0123985321917047,0.0128989213832981,0.0323029022573112,0.0709996664072056,0.00533748471033026,0.00956299343934171,0.0359168241965974,0.000277993995329701,0.00444790392527521,0.00122317357945068,0.00133437117758256,0.0158456577337929,0,0.0132881129767597,0.000611586789725342,0.00127877237851662,0.000500389191593462,0.000500389191593462,0.0179584120982987,0.00122317357945068,0,0,0.00361392193928611,0,0.000500389191593462,0,0.0738908039586345,0,0,0.00122317357945068,0,0.000778383186923162,0.00133437117758256,0,0,0.0199043700656066,0,0,0.00861781385522073,0,0,0,0.000778383186923162,0,0,0.00294673635049483,0.00300233514956077,0.0323029022573112,0.0103969754253308,0.394973868564439,0.0239630823974202,0,0.00350272434115423,0.00172356277104415,0.00811742466362727,0,0.00850661625708885,0,0.000444790392527521,0.00183476036917603,0.00144556877571444,0,0.00127877237851662,0.00100077838318692,0,0.00211275436450573,0.00772823307016568,0.000722784387857222,0,0,0.000277993995329701,0.00528188591126432,0.0378071833648393,0.00689425108417658,0.00133437117758256,0.0642166129211609,0,0,0.00205715556543979,0.00461470032247303,0,0,0
"SRR5761002",0.00278867514297868,0.00619180413102047,0.00056718816467363,0.00444297395661011,0.0165429881363142,0.0202769768870823,0.0324715224275653,0.0118636857777568,0,0.0129507964267146,0,0.00155976745285248,0.00987852720139906,0.00373398875076807,0.00680625797608357,0,0,0.00127617337051567,0.00165429881363142,0,0,0,0,0,0.00170156449402089,0.00137070473129461,0,0.000189062721557877,0,0.0349766034882072,0.000472656803894692,0,0,0,0.000945313607789384,0.00449023963699957,0,0.00179609585479983,0,0,0.000236328401947346,0.00278867514297868,0.0062863354917994,0,0,0.000803516566620976,0.00198515857635771,0,0.0286430023160183,0.0125726709835988,0.0140851727560618,0,0.392305147232594,0.0188117407950087,0.000992579288178853,0.0101148556033464,0.00155976745285248,0.0609727277024153,0.00198515857635771,0.00311953490570497,0,0.00132343905090514,0.00595547572907312,0.00605000708985206,0.00113437632934726,0.000945313607789384,0.0024578153802524,0.00619180413102047,0,0,0.0043011769154417,0,0.000425391123505223,0.000472656803894692,0.00401758283310488,0.0618707756298152,0.00269414378219974,0,0.127239211608451,0,0,0.000850782247010446,0.000141797041168408,0.0100203242425675,0,0
"SRR5760980",0.00156013615733737,0,0,0.00680786686838124,0.00326210287443268,0,0.0556921331316188,0.00118192133131619,0.0149867624810893,0.0161686838124054,0,0.00619326777609682,0.00515317700453858,0.000520045385779123,0.0121974281391831,0,0.00160741301059002,0.000283661119515885,0,0,0,0.000992813918305598,0.000709152798789713,0,0.00392397881996974,0.00420763993948563,0.00217473524962179,0.000614599092284418,0,0.022267397881997,0,0,0,0,0.000425491679273828,0.000425491679273828,0,0,0.00302571860816944,0.00056732223903177,0,0.000661875945537065,0.000661875945537065,0,0,0,0,0,0,0.00548411497730711,0.0121974281391831,0.00146558245083207,0.44000567322239,0.00619326777609682,0,0.00165468986384266,0.00146558245083207,0.014750378214826,0,0.010731845688351,0,0.0019856278366112,0.0028838880484115,0.00236384266263238,0.00127647503782148,0.00411308623298033,0,0.000898260211800303,0.00709152798789713,0.0027893343419062,0.00104009077155825,0.00165468986384266,0,0.000283661119515885,0.00293116490166415,0.211658472012103,0.000236384266263238,0,0.0390034039334342,0,0.00330937972768533,0.0317227685325265,0.00453857791225416,0.00104009077155825,0,0
